cnpj,matriz_filial,nome_fantasia,situacao,data_inicio,cnae_principal,uf,municipio_cod,cep,bairro,ddd_1,telefone_1
59.160.166/0001-18,1,,02,20250129,5912099,CE,1389,60140120,ALDEOTA,85,88717829
59.160.177/0001-06,1,,02,20250129,1622699,MG,5241,38800000,JARDIM SOL NASCENTE,37,34262407
53.359.906/0001-63,1,L.P. SOLUTION,02,20240103,8129000,BA,3661,45201347,CANSANCAO,11,47024214
59.160.197/0001-79,1,,02,20250129,4781400,PB,2175,58304122,POPULAR,83,86770191
55.371.630/0001-64,1,,08,20240603,4541206,PB,2079,58280000,GURGURI,83,91789753
54.785.741/0003-16,2,,02,20250129,5611203,RJ,6001,21061240,RAMOS,21,69644681
59.160.225/0001-58,1,D2TECH,08,20250129,8599603,SP,7107,01311914,BELA VISTA,16,82010240
59.160.237/0001-82,1,,02,20250129,7319099,SP,6951,17190134,JARDIM PRIMAVERA,14,99695488
59.160.249/0001-07,1,MARINA MOLINARI ODONTOLOGIA INTEGRADA,02,20250129,8630504,PR,7735,84130000,CENTRO,42,98048109
59.160.262/0001-66,1,,02,20250129,4321500,GO,9361,73808080,PARQUE DA COLINA I,61,99737040
59.160.271/0001-57,1,,02,20250129,4399103,MT,1080,78335000,CENTRO,66,99244229
59.160.282/0001-37,1,,08,20250129,8599699,SP,6249,18618016,JARDIM NOSSA SENHORA DAS GRACAS (RUBIAO JUNIOR),14,38138103
59.160.293/0001-17,1,,02,20250129,5620104,RS,8683,94010170,CENTRO,51,30300006
59.160.302/0001-70,1,,02,20250129,4723700,RJ,5847,27937310,RIVIERA FLUMINENSE,22,98818993
59.160.313/0001-50,1,,02,20250129,4330404,SP,7107,02952165,JARDIM PAQUETA (ZONA NORTE),11,70358741
59.160.326/0001-29,1,,02,20250129,5320202,RJ,6001,20561000,GRAJAU,21,94068353
59.160.337/0001-09,1,,02,20250129,4781400,SP,6363,14140000,FAZENDA SANTA MARIA,16,32091060
59.160.345/0001-55,1,,08,20250129,1094500,RO,0003,76820096,NOVA PORTO VELHO,69,93725591
59.160.359/0001-79,1,LRM APOIO ADMINISTRATIVO,02,20250129,8211300,BA,3807,45810000,JOSE FONTANA I - SEDE,73,32882310
59.160.369/0001-04,1,RAPSI JORDAN PSICOLOGIA E PSICOMOTRICIDADE,02,20250129,8650003,SP,7107,03276000,CHACARA BELENZINHO,11,70862112
59.160.380/0001-74,1,TIGER PROMOCAO DE VENDAS,02,20250129,7319002,SP,7107,03401001,VILA CARRAO,11,73330253
59.160.392/0001-07,1,NAPAR,02,20250129,8650003,MG,5191,37536094,CENTRO,35,88356588
59.160.401/0001-51,1,HD COR,02,20250129,6204000,SP,7107,01151000,BARRA FUNDA,41,97880145
59.160.413/0001-86,1,,02,20250129,4520005,MG,5249,36305314,PIO XII,32,98195484
59.160.427/0001-08,1,,02,20250129,9602501,SC,8055,88354695,SOUZA CRUZ,47,88077584
59.160.438/0001-80,1,,02,20250129,7319099,RS,8801,90820150,CRISTAL,51,96161761
59.160.448/0001-15,1,,02,20250129,9001902,RJ,5915,25975235,QUINTA LEBRAO,21,92027457
59.160.458/0001-50,1,JR CASTRO SERVICOS,02,20250129,8111700,CE,1389,60125001,DIONISIO TORRES,85,91858195
59.160.470/0001-65,1,,02,20250129,5320201,SP,7107,03928240,CONJUNTO HABITACIONAL TEOTONIO VILELA,11,84836064
59.160.482/0001-90,1,,02,20250129,1091102,SP,7107,04856220,JARDIM NOVO HORIZONTE,11,59218438
59.160.492/0001-25,1,,02,20250129,4743100,RS,8691,98920000,CENTRO,55,97115299
59.160.504/0001-11,1,,02,20250129,4520001,MG,4213,37420000,FIGUEIRA,35,84770915
59.160.516/0001-46,1,,08,20250129,5320202,RO,0011,76970000,VILA DO SOSSEGO,69,81132812
59.160.526/0001-81,1,,02,20250129,9700500,SC,8161,88309800,SAO VICENTE,47,92275168
59.160.538/0001-06,1,MERCADO IDEAL,02,20250129,4712100,MA,0909,65550000,ABREU,98,70034005
59.160.550/0001-10,1,,02,20250129,8599605,AC,0145,69940000,JARDIM PRIMA VERA,68,99237447
59.160.559/0001-21,1,,02,20250129,4930202,PR,7691,87035602,LOTEAMENTO SUMARÉ,44,98469609
58.506.937/0001-13,1,WK ESTETICA AUTOMOTIVA E CONVENIENCIA,08,20241218,4520005,MT,8985,78551366,JARDIM SAFIRA,66,96918107
59.160.576/0001-69,1,,02,20250129,4543900,SP,7089,14600000,LAPA,16,92000326
59.160.585/0001-50,1,,08,20250129,4781400,MG,4867,37580000,SAO RAFAEL,35,99005688
59.160.594/0001-40,1,,02,20250129,8211300,BA,3515,44082070,LAGOA SALGADA,75,30214040
59.160.603/0001-01,1,,08,20250129,4781400,SP,6469,12517405,PARQUE RESIDENCIAL BEIRA RIO I,12,98191637
59.160.615/0001-28,1,,02,20250129,9700500,SC,8395,88535000,SAO CRISTOVAO,49,88467275
59.160.627/0001-52,1,,02,20250129,5611201,SP,6477,07242100,VILA PARAISO,11,83706291
59.160.638/0001-32,1,,02,20250129,4781400,RO,0017,76920000,NOVA OURO PRETO,69,93078105
59.160.645/0001-34,1,,02,20250129,9602501,BA,1112,47861582,JARDIM DAS OLIVEIRAS,77,99371737
59.160.658/0001-03,1,,02,20250129,4399103,MG,4939,38607330,VISTA ALEGRE,38,99750845
66.528.134/0002-79,2,,02,20250129,4679601,SP,6477,07210250,JARDIM ARAPONGAS,11,24888477
59.160.679/0001-29,1,,02,20250129,8230001,DF,9701,71070060,GUARA II,61,83020348
59.160.690/0001-99,1,,02,20250129,6204000,SP,7107,01310914,BELA VISTA,41,97880145
59.160.701/0001-30,1,,02,20240719,6911701,RJ,5819,28016315,VILA DA RAINHA,22,98693099
58.137.691/0001-50,1,,02,20241118,6462000,SP,7107,03804060,PARQUE BOTURUSSU,11,29431562
59.160.723/0001-09,1,FPM CALDAS,02,20250129,4672900,SP,7107,02461010,SANTA TERESINHA,11,55555555
59.160.733/0001-36,1,,02,20250129,4530704,PR,9983,83825310,VENEZA,41,88455978
59.160.743/0001-71,1,,08,20250129,4751201,SP,7131,14150000,JD. SANTA LUZIA,16,91044678
59.160.756/0001-40,1,,08,20250129,4721103,MG,4865,39404084,ALTO FLORESTA,38,99561038
59.160.767/0001-20,1,,02,20250129,5320201,AM,0255,69039010,NOVO ISRAEL,92,86062834
59.160.777/0001-66,1,,02,20250129,4930202,PR,5451,83564057,BUTIEIRINHO,41,95268793
45.290.649/0001-22,1,,02,20220215,5819100,PE,2357,54515080,COHAB,81,98984597
59.160.795/0001-48,1,,02,20250129,4399103,SP,6511,13340823,RESIDENCIAL LONDON PARK,11,45294026
59.160.808/0001-89,1,,02,20250129,4785799,SC,8061,88348273,TABULEIRO,47,99887649
59.160.817/0001-70,1,,02,20250129,1031700,MG,2671,35338000,AREA RURAL,33,99548383
59.160.829/0001-02,1,,02,20250129,4930201,ES,5665,29770000,ANTUR ARTUR,27,96601270
59.160.841/0001-09,1,,02,20250129,4743100,RO,0005,76900190,URUPA,69,93790101
59.160.852/0001-99,1,,02,20250129,4924800,BA,3665,45470000,CENTRO,75,88997078
59.160.865/0001-68,1,TABACARIA 2 IRMAOS,02,20250129,5611205,PR,7535,81935309,SÍTIO CERCADO,41,35653326
59.160.877/0001-92,1,,02,20250129,9602501,SP,6779,15407440,CONJUNTO HABITACIONAL ANTONIO JOSE TRINDADE,17,97410087
59.160.889/0001-17,1,,08,20250129,8219999,PR,7427,86700255,CENTRO,43,96450944
59.160.898/0001-08,1,,08,20250129,8219999,RJ,5865,24240185,SANTA ROSA,21,99520826
59.160.908/0001-05,1,,02,20250129,8599699,SC,8057,89500049,CENTRO,49,98282324
59.160.920/0001-10,1,,02,20250129,7420001,SP,7107,04280000,VILA NAIR,11,94810200
35.169.825/0002-08,2,,02,20250129,1066000,PB,1987,58884000,ZONA RURAL,83,99520523
59.160.943/0001-24,1,,02,20250129,4755503,SP,6343,14795000,CENTRO,17,81857557
59.160.955/0001-59,1,,08,20250129,8219999,MG,4921,35409233,ALTO DO BELEZA (CACHOEIRA DO CAMPO),31,97952445
59.160.966/0001-39,1,,02,20250129,8650003,GO,9373,74080250,SET SUL,62,99999999
59.160.975/0001-20,1,,02,20250129,7319002,PR,7535,81230030,CIDADE INDUSTRIAL,41,96735511
59.160.988/0001-07,1,,02,20250129,8599604,BA,3529,45540000,NASSER BORGES,73,81228649
59.161.001/0001-60,1,SCP CDG,02,20241128,4222701,PR,7535,80030030,CENTRO CIVICO,41,33390718
59.161.011/0001-04,1,,08,20250129,4399103,ES,5705,29070255,MARIA ORTIZ,27,98540832
59.161.021/0001-31,1,,02,20250129,3314799,SC,8127,89275150,BANANAL DO SUL,47,88670962
59.161.031/0001-77,1,BELENS COMUNICACAO,02,20250129,7319002,BA,3685,42700170,RECREIO IPITANGA,71,99779691
59.161.044/0001-46,1,LAVANDERIA OLIVEIRA,02,20250129,9601701,BA,3499,45590000,CENTRO,73,81600428
59.161.053/0001-37,1,,08,20250129,7319002,PR,7765,85174317,VILA CALDAS,42,99017608
59.161.065/0001-61,1,,02,20250129,9001902,SP,7107,03283000,VILA EMA,11,00000000
59.161.078/0001-30,1,,08,20250129,8219999,SC,8233,88133040,PASSA VINTE,47,99019107
59.161.090/0001-45,1,,02,20250129,5612100,SP,7107,08215550,ITAQUERA,11,58775079
59.161.101/0001-97,1,,02,20250129,8219999,SP,7071,11025031,EMBARE,13,91765916
59.161.112/0001-77,1,,02,20250129,4789003,MG,4123,31995150,ACAIACA,31,91382156
59.161.123/0001-57,1,,02,20250129,8211300,SP,7075,09725240,CENTRO,11,85837799
59.161.134/0001-37,1,,08,20250129,5320201,SP,7107,08412180,JARDIM SAO PAULO(ZONA LESTE),11,98826993
54.957.439/0001-36,1,,08,20240430,5320202,BA,3849,40070390,BARRIS,71,84502054
59.161.154/0001-08,1,CADU CAVALHEIRO ARQUITETURA,02,20250129,7111100,SC,8045,88164230,BEIRA RIO,48,92051568
59.161.164/0001-43,1,,02,20250129,4755503,ES,5677,29830000,CENTRO,27,98904015
59.161.175/0001-23,1,,02,20250129,8599699,MT,9047,78217155,VILA NOVA,65,99910950
59.161.186/0001-03,1,,08,20250129,9602501,SP,7107,01489900,JARDIM PAULISTANO,11,93923464
59.161.198/0001-38,1,RESIDENCIAL JAILINI,02,20250110,8112500,SC,8335,88730000,CENTRO,48,36571155
59.161.210/0001-04,1,2H MEDICAL,02,20250129,8610102,GO,9361,73801290,CENTRO,61,99895996
12.935.977/0002-60,2,,02,20250129,5211799,MG,0722,32920000,RETIRO DO MOINHO,28,99721163
59.161.229/0001-50,1,,08,20250129,4789007,RS,8717,93900000,VISTA ALEGRE,51,91916215
59.161.241/0001-65,1,,02,20250129,5620104,SP,7145,18054050,JARDIM TROPICAL,15,32027576
59.161.252/0001-45,1,,02,20250129,9521500,PR,7535,82100520,PILARZINHO,42,91235165
59.161.262/0001-80,1,,08,20250129,5320201,CE,1389,60542160,BONSUCESSO,85,98414531
59.161.276/0001-02,1,,02,20250129,8630502,BA,3885,44330000,CENTRO,75,30222138
59.161.287/0001-84,1,,02,20250129,8230001,GO,9221,75144680,JARDIM DAS OLIVEIRAS,62,81356981
59.161.297/0001-10,1,,08,20250129,4930201,SP,6545,06852650,PARQUE PARAISO,11,76614067
59.161.308/0001-61,1,,02,20250129,7319002,SP,7145,18052447,JARDIM NOVO MUNDO,15,32330002
59.161.320/0001-76,1,AJ PROMOCAO DE VENDAS,02,20250129,7319002,SC,8025,89245000,ITINGA,47,99813942
59.161.330/0001-01,1,,08,20250129,8599604,CE,1373,61655530,ARATURI (JUREMA),85,91829877
59.161.340/0001-47,1,CLINICALUMIERE,02,20250129,8630503,DF,9701,71950550,AREAL (AGUAS CLARAS),61,99893727
55.025.957/0001-84,1,,02,20240507,4781400,SP,6969,14093000,JARDIM INTERLAGOS,16,97437058
59.161.363/0001-51,1,,02,20250129,4520006,PR,7607,84500230,CANISIANAS,42,98253476
59.161.374/0001-31,1,,02,20250129,5612100,PB,1981,58410308,CATOLE,83,87155781
59.161.384/0001-77,1,,02,20250129,8599603,PE,2491,53290385,JARDIM BRASIL,81,91503121
59.161.394/0001-02,1,,02,20250129,9609208,SP,6249,18608334,VILA CASA BRANCA,14,96691307
59.161.403/0001-65,1,,02,20250129,7319002,SP,7107,03944030,JARDIM TIETE,11,52963846
59.161.415/0001-90,1,TGM INVESTIMENT,02,20250129,7020400,CE,1247,61769180,AMADOR,85,32575638
59.161.427/0001-14,1,,02,20250129,1412602,SP,7095,13727196,VILA VERDE,19,93426128
59.161.438/0001-02,1,,02,20250129,4781400,MG,4123,30285156,VERA CRUZ,31,71920438
59.161.446/0001-40,1,,02,20250129,4330404,PE,2457,54330763,CAJUEIRO SECO,81,97206945
59.161.457/0001-20,1,,02,20250129,9602501,GO,9227,74968172,JARDIM IPIRANGA - CONTINUACAO,62,98749921
59.161.469/0001-55,1,ALBUQUERQUE CONSULTORIA,08,20250129,7020400,PA,0427,66050000,UMARIZAL,91,99999999
59.161.482/0001-04,1,,02,20250129,8599699,RS,8937,95660000,SANDER,51,96909076
59.161.494/0001-39,1,,08,20250129,9609208,SP,7107,08470760,CIDADE TIRADENTES,11,35588878
59.161.506/0001-25,1,,02,20250129,4399103,RJ,5833,25065188,VILA SAO LUIS,21,80565475
59.161.516/0001-60,1,,02,20250129,8650006,SP,7107,04303060,SAO JUDAS,11,72095820
59.161.527/0001-40,1,,02,20250129,4399103,SP,2995,18220000,TATETU,15,91944215
59.161.534/0001-42,1,,08,20250129,5320202,SC,8105,88049305,TAPERA DA BASE,48,96253114
59.161.542/0001-99,1,LA FAVORITA,02,20250129,5611203,MA,0945,65530000,CENTRO,98,96080793
54.632.936/0001-64,1,CENTRO MEDICO CARNEIRO DE MENDONCA,02,20240408,8630502,DF,9701,72215032,CEILANDIA SUL (CEILANDIA),61,20173181
59.161.564/0001-59,1,,02,20250129,4617600,MS,9051,79034142,PARQUE DOS NOVOS ESTADOS,67,92052000
59.161.575/0001-39,1,,02,20250129,8650003,SP,7071,11040111,EMBARE,13,91612932
59.161.584/0001-20,1,KETLIN FITNESS ACADEMIA,02,20250129,9313100,RS,8425,98925000,CENTRO,55,97069997
59.161.594/0001-65,1,,02,20250129,4789099,BA,3413,42800037,CENTRO,71,86517087
59.161.608/0001-40,1,,08,20250129,8219999,SP,6979,13503120,JARDIM MIRASSOL,19,35349404
59.161.619/0001-20,1,,02,20250129,8219999,SP,6789,06270280,VILA MENCK,11,36010605
59.161.630/0001-90,1,,02,20250129,9602502,PR,7513,83411380,SAO DIMAS,41,32550241
59.161.642/0001-15,1,M ELIAS CONSULTING,02,20250129,8211300,RJ,5883,27521420,BOA VISTA II,24,92550606
59.161.655/0001-94,1,,02,20250129,6190699,CE,1589,62595000,RANCHO DO PEIXE,88,96388494
59.161.665/0001-20,1,,02,20250129,5320201,PA,0427,66070000,CANUDOS,0,0
22.862.664/0003-64,2,CIDADE LAPA - AGUA BRANCA,02,20250121,4110700,SP,7107,05038190,LAPA DE BAIXO,11,31171392
59.161.684/0001-56,1,,02,20250129,2539001,RS,9821,95890000,CANABARRO,51,97298665
59.161.696/0001-80,1,,02,20250129,4712100,MG,5365,33980000,ENGENHO,31,96954052
59.161.707/0001-22,1,CANAA AUTO PECAS E ELETRICA,02,20250129,4520001,PA,0567,68550253,ALTO PARANA,94,92896072
59.161.720/0001-81,1,HAKUNA BATATA,08,20250129,5611203,MG,4123,30535460,CORACAO EUCARISTICO,31,72314083
59.161.733/0001-50,1,,02,20250129,5620101,SP,7107,03937090,JARDIM IMPERADOR (ZONA LESTE),11,40031568
59.161.741/0001-05,1,,02,20250129,7319002,SP,7107,04016003,VILA MARIANA,11,54806999
59.161.754/0001-76,1,,02,20250129,9700500,RJ,6001,20921270,SAO CRISTOVAO,21,99043633
59.161.765/0001-56,1,SER FELIZ E UMA ARTE,08,20250129,8650003,MG,5343,35700389,JARDIM ARIZONA,31,95666303
59.161.775/0001-91,1,CREDIFLEX,03,20250129,6619302,MA,0921,65075441,RENASCENÇA,55,85234923
59.161.785/0001-27,1,,08,20250129,5612100,RN,1759,59621140,BARROCAS,84,96894122
51.953.079/0001-06,1,,02,20230825,7319002,GO,9511,76190000,JARDIM DAS OLIVEIRAS,64,99337353
59.161.807/0001-59,1,,08,20250129,4763602,SP,6477,07081240,JARDIM ROSA DE FRANCA,11,94541561
59.161.818/0001-39,1,AGROVIDA,02,20250129,0121101,MA,0923,65470000,ALTO DA VITORIA,99,81103956
59.161.829/0001-19,1,,08,20250129,7319002,TO,9461,77650000,CENTRO,63,84483369
59.161.840/0001-89,1,DAVI GAS,02,20250129,4784900,RS,7333,95535000,BELA VISTA,51,99051072
53.536.968/0001-01,1,GENX CIENTIFICA BIOMOL,02,20240117,7210000,SP,6213,06472001,DEZOITO DO FORTE EMPRESARIAL/ALPHAVILLE.,11,12637018
59.161.861/0001-02,1,,02,20250129,4930201,SC,8161,88309000,SAO VICENTE,47,99109883
59.161.873/0001-29,1,,08,20250129,5320201,SP,6511,13346330,JARDIM ALICE,19,92440681
59.161.886/0001-06,1,,02,20250129,8650099,SP,6291,13092496,JARDIM ITAMARATI,19,33818681
44.520.453/0001-14,1,,02,20211208,9602501,SP,7107,02281010,VILA NOVA GALVAO,47,99394476
59.161.906/0001-30,1,,02,20250129,2599302,PR,7777,84020030,NEVES,42,00000000
59.161.917/0001-10,1,MINASVOL BETIM DIESEL,08,20250129,4530703,MG,4133,32670432,BETIM INDUSTRIAL,31,84919721
59.161.929/0001-45,1,ESCOLA DA MONICA,02,20250129,8512100,PA,0411,68371330,SUDAM I,93,91661725
59.161.940/0001-05,1,,08,20250129,4520005,CE,1569,62320033,CENTRO,88,94180314
59.161.951/0001-95,1,,08,20250129,5320201,SP,6789,06112150,JARDIM DAS FLORES,11,91028683
59.161.961/0001-20,1,,02,20250129,9602501,SP,6723,11730000,CENTRO,13,96996500
59.161.972/0001-00,1,,02,20250129,8650003,MG,4865,39401858,JARDIM SAO LUIZ,38,98547979
59.161.983/0001-90,1,,08,20250129,4399103,BA,3993,45985586,RESIDENCIAL DOS PIONEIROS,73,99084015
59.161.996/0001-60,1,RIVA'S SALGADOS,02,20250129,4729699,SP,6131,13470220,MORADA DO SOL,19,91380456
59.162.005/0001-63,1,,02,20250129,4923002,SP,7099,12216410,VILA SAO PEDRO,12,88301749
59.162.017/0001-98,1,,08,20250129,7319002,SC,8163,88220000,SERTAO TROMBUDO,47,99983506
59.162.029/0001-12,1,,02,20250129,5611203,MS,9043,79290000,VILA MACHADO,67,92893734
59.162.041/0001-27,1,,08,20250129,2599301,MG,4349,35860000,BARRO VERMELHO,31,98494032
52.977.273/0001-94,1,,08,20231123,5612100,SP,6141,16902133,JARDIM SANTA CECILIA,18,91355778
59.162.062/0001-42,1,,02,20250129,5620104,RN,1779,59158244,PARQUE DAS NACOES,84,92244664
59.162.075/0001-11,1,TRIBO DA SEGURANCA,02,20250129,8599604,SP,7201,17601030,CENTRO,14,96620497
59.162.086/0001-00,1,,02,20250129,5620104,DF,9701,72240100,CEILANDIA NORTE (CEILANDIA),61,96059374
59.162.097/0001-81,1,ORGS COMUNICACAO E ENTRETENIMENTO,02,20250129,7311400,PE,2531,50830540,AFOGADOS,81,30315701
59.162.108/0001-23,1,,02,20250129,4399103,MT,9185,78305197,JARDIM ESMERALDA,65,96421587
59.162.119/0001-03,1,,02,20250129,4930202,RS,8507,97545380,NOVO LAR,55,99191950
59.162.132/0001-62,1,,02,20250129,4753900,SP,7107,04728150,JARDIM CARAVELAS,11,33333333
59.162.143/0001-42,1,,02,20250129,8219999,MG,4371,32315090,ELDORADO,31,94772857
59.162.154/0001-22,1,,08,20250129,4723700,BA,3969,45460000,CARLOS ASSIS,73,81360256
59.162.166/0001-57,1,MERCADO E ACOUGUE BAHIA,02,20250129,4711302,PA,0505,68270000,SAO LAZARO,93,91174338
59.162.178/0001-81,1,,02,20250129,4742300,PA,0571,68555101,CENTRO,94,99268342
59.162.187/0001-72,1,,02,20250129,8512100,MG,4123,31080160,SANTA INES,31,89432012
59.162.196/0001-63,1,L&D PRINT,02,20250129,4751201,PR,7513,83408000,MARACANA,41,36199787
59.162.208/0001-50,1,,02,20250129,4619200,MG,4733,36010390,GRANBERY,32,91787870
59.162.220/0001-64,1,,08,20250129,2391503,ES,5609,29450000,CENTRO,28,35571302
59.162.231/0001-44,1,,02,20250129,5320201,SE,3105,49090259,JARDIM CENTENARIO,79,88855753
59.162.241/0001-80,1,,02,20250129,4930202,PR,7667,86088050,CONJUNTO SEMIRAMIS BARROS BRAGA,18,97322270
59.162.252/0001-60,1,,02,20250129,1091102,PR,7535,80215242,PRADO VELHO,41,96088563
59.162.264/0001-94,1,,08,20250129,5611201,RO,0003,76813310,SAO FRANCISCO,69,92913578
59.162.275/0001-74,1,,02,20250129,8219999,RS,8771,93320030,CENTRO,51,30143000
57.241.288/0001-03,1,,02,20240911,8219999,RS,8831,97590000,MONTE,55,99137335
59.162.296/0001-90,1,,02,20250129,8592903,SP,6293,13233071,CHACARAS NOVO HAMBURGO,11,99939286
59.162.308/0001-86,1,,02,20250129,4399103,RJ,2919,28495000,LOTEAMENTO CAETANO,22,88744842
59.162.319/0001-66,1,,02,20250129,9602501,SP,7149,13178362,PARQUE RESIDENCIAL SALERNO (NOVA VENEZA),19,98520585
59.162.330/0001-26,1,,02,20250129,4321500,MG,5387,37189154,ANTONIO DE BRITO MENDONCA,35,97202715
59.162.341/0001-06,1,BRASPLAN INCORPORACOES,02,20250129,4120400,PB,1981,58432702,MALVINAS,83,88459737
59.162.350/0001-05,1,,02,20250129,7721700,SC,8041,88390000,SAO CRISTOVAO,47,96018376
59.162.361/0001-87,1,,02,20250129,5611203,SP,7107,04829000,JARDIM BELA VISTA (ZONA SUL),11,56614147
59.162.371/0001-12,1,,02,20250129,7319002,PE,2381,55022184,RENDEIRAS,81,85177168
59.162.382/0001-00,1,RPN DISTRIBUICAO,02,20250129,4619200,SP,7107,02115000,VILA MARIA BAIXA,11,33138096
59.162.391/0001-93,1,CNT CONSTRUTORA,02,20250129,4110700,MG,4445,35500021,CENTRO,31,98951401
59.162.402/0001-35,1,,02,20250129,4930202,PB,0442,58399000,CENTRO,83,94077752
59.162.413/0001-15,1,,02,20250129,9602501,AM,0255,69090359,CIDADE NOVA,92,98467350
59.162.424/0001-03,1,,02,20250129,4781400,PI,2281,64615000,CENTRO,89,88184103
59.162.434/0001-30,1,,08,20250129,3212400,RJ,6001,22785085,VARGEM GRANDE,21,84260437
59.162.445/0001-10,1,,02,20250129,8230001,SP,7079,13574640,JARDIM GIBERTONI,16,91331891
59.162.457/0001-45,1,,02,20250129,8219999,CE,1389,60841605,MESSEJANA,85,98948211
59.162.468/0001-25,1,,02,20250129,4729699,MG,4733,36047270,PARQUE GUARANI,32,91174130
59.162.480/0001-30,1,,02,20250129,9602501,RJ,5843,28300000,CEHAB,22,97010734
55.216.091/0001-99,1,,08,20240521,4789004,RJ,6001,21231160,IRAJA,21,21354252
59.162.502/0001-61,1,,02,20250129,7319002,SP,6345,13837118,JARDIM SAO PAULO,19,71372723
59.162.513/0001-41,1,,02,20250129,1412601,CE,9857,62265000,CENTRO,22,81427005
59.162.522/0001-32,1,,02,20250129,8599699,SP,6291,13085260,JARDIM DO SOL,19,32874955
59.162.532/0001-78,1,AGENCIA DOMO,02,20250129,5912099,RS,8653,95880000,BOA UNIAO,51,80123805
59.162.543/0001-58,1,,02,20250129,4781400,RJ,5819,28070525,PARQUE GUARUS,21,80268355
59.162.556/0001-27,1,,02,20250129,9700500,SC,8111,88190000,FAZENDA ARMACAO,48,91299661
59.162.567/0001-07,1,,02,20250129,4723700,AL,2801,57910000,CENTRO,82,88602095
59.162.576/0001-06,1,,08,20250129,9602502,GO,9571,75904690,SANTO AGOSTINHO,94,92989788
57.070.280/0001-21,1,DOLCE BISCOTTO,02,20240829,1092900,PR,7503,85560000,NOSSA SENHORA APARECIDA,46,99737427
59.162.597/0001-13,1,,02,20250129,9609299,BA,3463,44320000,CENTRO,75,91353418
59.162.608/0001-65,1,,08,20250129,4399103,MG,5095,34300000,VILA DUARTE,31,94574733
59.162.619/0001-45,1,,08,20250129,8599604,PR,7535,81870012,PINHEIRINHO,41,99953703
59.162.630/0001-05,1,,02,20250129,9602502,MS,9051,79002072,CENTRO,13,82151701
59.162.641/0001-95,1,WAGNA PASSOS DE SANTANA LTDA,02,20250129,7020400,BA,3457,48450000,CENTRO,75,99232121
59.162.652/0001-75,1,,02,20250129,8630503,BA,3773,46190000,CENTRO,71,92879437
59.162.662/0001-00,1,,08,20250129,4930201,SP,7151,08670120,JARDIM MONTE CRISTO,11,76927070
59.162.674/0001-35,1,,02,20250129,4724500,PB,2117,58701090,SANTO ANTONIO,83,99061682
59.162.686/0001-60,1,RWR SOLUTIONS,02,20250129,8211300,SP,7099,12245230,VILA BETANIA,12,97371668
59.162.697/0001-40,1,,02,20250129,5612100,ES,5699,29165460,PARQUE RESIDENCIAL LARANJEIRAS,27,92775372
59.162.709/0001-36,1,,02,20250129,4520001,SC,8245,88385000,SANTA LIDIA,42,99155366
59.162.721/0001-40,1,EBS CONSTRUCOES,02,20250129,4120400,DF,9701,73365588,VILA DIMAS (PLANALTINA),61,94177986
45.136.741/0001-32,1,,08,20220203,4520005,SC,8319,89240000,CENTRO,99,84803930
59.162.741/0001-11,1,NORTH CHOPP,02,20250129,5611201,CE,1389,60355633,PRESIDENTE KENNEDY,85,98200271
59.162.753/0001-46,1,,02,20250129,7490104,RJ,6001,21330110,VILA VALQUEIRE,24,22220044
59.162.764/0001-26,1,,02,20250129,0161003,RJ,2911,26373220,SANTO EXPEDITO,21,88063077
59.162.774/0001-61,1,,08,20250129,5320202,PI,1219,64055420,PICARREIRA,86,94647751
59.162.786/0001-96,1,,02,20250129,8211300,SP,7107,03733000,VILA PIERINA,11,95409974
59.162.797/0001-76,1,SALES E LOPES SERVICOS MEDICOS,08,20250129,8610102,TO,9241,77817190,JARDIM ESPLANADA,63,99376246
59.162.808/0001-18,1,MF SERVICOS PSICOLOGICOS,02,20250129,8650003,RJ,6001,22260090,BOTAFOGO,41,97880145
59.162.817/0001-09,1,,02,20250129,9602501,MG,4657,37973000,ITAMOGI,35,84767329
59.162.829/0001-33,1,,02,20250129,9491000,MG,4051,37841570,JARDIM DA SOVIS,35,84469228
59.162.840/0001-01,1,LUMINA PSI,02,20250129,8650003,MS,9051,79002260,CENTRO,67,96011704
59.162.851/0001-83,1,,02,20250129,4722902,CE,1389,60743690,PASSARE,85,86551732
59.162.862/0001-63,1,,02,20250129,5611201,PE,2491,53270040,AGUAZINHA,81,85988174
59.162.873/0001-43,1,,02,20250129,8230001,PR,7535,80320230,VILA IZABEL,41,88591236
59.162.885/0001-78,1,,08,20250129,7319002,SP,6761,15440000,CENTRO,17,91436530
59.162.897/0001-00,1,VCAR VEICULOS,08,20250129,4511102,PA,0483,68503360,BELO HORIZONTE,94,91996436
59.162.906/0001-55,1,W.G ACESSORIOS,02,20250129,4752100,CE,1319,61700000,PORTO DAS DUNAS,85,49844136
59.162.918/0001-80,1,,08,20250129,4930202,GO,9561,73906105,GUARANI,62,98405242
59.162.927/0001-70,1,,02,20250129,8599604,GO,9605,75890000,POPULAR,64,99669512
59.162.939/0001-03,1,NAIPE CONTABILIDADE,02,20250129,6920601,CE,1319,61700000,PORTO DAS DUNAS,85,99456521
59.162.949/0001-30,1,MECJO SERVICOS E CONSULTORIA,02,20250129,7119799,SC,8047,89035340,VILA NOVA,47,91810058
59.162.960/0001-09,1,TOP PECAS E SERVICOS,02,20250129,4530703,RN,1761,59139410,LAGOA AZUL,84,99005230
59.162.973/0001-70,1,,02,20250129,9609206,ES,5705,29010100,CENTRO,0,0
59.162.984/0001-50,1,,02,20250129,8630504,RS,8559,96508072,CENTRO,51,99088462
58.514.303/0003-74,2,,02,20250129,4754701,MS,9131,79904656,CENTRO,44,99593519
59.163.005/0001-88,1,,08,20250129,9602501,SC,8179,89207650,GUANABARA,47,84911057
59.163.017/0001-02,1,NEW ASA MULTIMARCAS,02,20250129,4530703,CE,1389,60730115,VILA PERI,85,99696954
59.163.027/0001-48,1,FLAVIO SERVICOS ADMINISTRATIVOS,02,20250129,8211300,SE,3105,49010280,CENTRO,79,91786005
59.163.036/0001-39,1,,08,20250129,5320201,SP,7107,05107000,JARDIM BELAURA,11,13195282
59.163.045/0001-20,1,,08,20250129,7319002,PR,7535,81670130,BOQUEIRAO,41,88016565
59.163.057/0001-54,1,,08,20250129,8230001,SP,6361,06719300,JARDIM SAO MIGUEL,47,99125462
59.163.068/0001-34,1,,08,20250129,0322104,BA,3313,48030000,BOA UNIAO,75,91895707
59.163.079/0001-14,1,,08,20250129,8219999,SP,6543,11740170,VILA SAO PAULO,13,96025434
59.163.091/0001-29,1,LONDON BABY & KIDS,02,20250129,4781400,BA,3117,45820040,CENTRO,73,35125710
59.163.102/0001-70,1,,02,20250129,8630504,BA,3597,45605351,GOES CALMON,73,36130284
59.163.114/0001-03,1,,02,20250129,4930201,PR,7535,80020250,CENTRO,41,97971434
59.163.125/0001-85,1,,02,20250129,4729699,GO,9289,75686369,ESTANCIA JEQUITIMAR,64,84435934
59.163.135/0001-10,1,,02,20250129,9602501,RJ,5915,25995290,BONSUCESSO,21,92793547
59.163.145/0001-56,1,,02,20250129,7319002,PR,7535,82320490,SAO BRAZ,41,92147840
59.161.192/0001-60,1,,02,20250129,8219999,GO,9373,74360170,SETOR FAICALVILLE,62,99996218
59.163.166/0001-71,1,,02,20250129,4723700,MG,4971,39700000,CENTRO,33,99973083
59.163.177/0001-51,1,,08,20250129,4520005,MT,9779,78844548,JARDIM CAMPO VERDE,66,81291528
59.163.184/0001-53,1,,08,20250129,7490103,RJ,5841,28595000,PORTELA,22,98058465
59.163.194/0001-99,1,PEDREIRA CAJUEIRO,02,20250129,0810099,PI,0364,64618000,PEIXE,89,99408447
59.163.203/0001-41,1,,08,20250129,4520005,SC,8333,89990000,SANTA CATARINA,49,99437102
59.163.216/0001-10,1,,02,20250129,1412601,SC,8225,88270000,MATO QUEIMADO,48,84122682
59.163.226/0001-56,1,,02,20250129,4321500,BA,3849,41211028,ARENOSO,71,83462229
59.163.235/0001-47,1,,02,20250129,6319400,AC,0139,69902766,PLACAS,68,99920503
59.163.245/0001-82,1,,02,20250129,4723700,PA,0515,68480000,TIJUCA,91,84989282
59.163.257/0001-07,1,,02,20250129,4930202,PR,7471,86184609,CONJUNTO HABITACIONAL ULYSSES GUIMARAES,43,99943537
59.163.267/0001-42,1,ARS SERVICOS EMPRESARIAIS,02,20250129,8211300,SC,8047,89035060,VILA NOVA,47,99414655
59.163.277/0001-88,1,,02,20250129,9602502,CE,1389,60440395,PICI,85,99605260
59.163.289/0001-02,1,,02,20250129,4541206,MA,0937,65634400,PEDRO PATRICIO,86,99202159
59.163.301/0001-89,1,GRUPO KAMUI TRANSPORTES,02,20250129,4930202,SP,7107,05314000,VILA LEOPOLDINA,11,41762001
59.163.313/0001-03,1,,02,20231201,6911701,BA,3413,42800170,CENTRO,71,92037377
45.988.997/0001-78,1,,02,20220411,6911701,PR,7535,80020290,CENTRO,41,91922770
59.163.327/0001-27,1,,02,20250129,3314707,PE,2531,52040450,CAMPO GRANDE,81,87918564
59.163.339/0001-51,1,,02,20250129,4723700,SP,6469,12502010,SANTA RITA,12,82960938
59.163.353/0001-55,1,,02,20250129,1629301,SP,6309,13365356,JARDIM BRANYL,19,91237421
59.163.364/0001-35,1,,08,20250129,4520001,PE,2457,54460280,BARRA DE JANGADA,81,99699048
59.163.370/0001-92,1,,02,20250129,4754702,MG,2901,38640000,CENTRO,38,98375129
59.163.381/0001-72,1,,02,20250129,4754701,PR,7427,86705600,VILA ARAPONGUINHA,43,30552040
59.163.390/0001-63,1,,02,20250129,4759899,MG,4957,37903350,PENHA,35,91993543
59.163.403/0001-02,1,,02,20250129,5612100,SP,7115,11618050,BOICUCANGA,12,96700513
59.163.413/0001-30,1,,08,20250129,5320201,BA,3575,48490000,"LOTEAMENTO SANTO ANTONIO, CENTRO",75,99295469
59.163.424/0001-10,1,,02,20250129,1412601,PR,7685,87480000,COHAPAR,44,84141758
57.569.210/0001-12,1,AGRO FUTURO,08,20241004,4619200,MT,9907,78890043,BELA VISTA,65,9996355
59.163.446/0001-80,1,,02,20250129,3321000,PE,2583,55580000,CAVOCO,81,99999999
58.641.391/0001-03,1,,08,20250106,7319002,MG,5403,38412026,TUBALINA,34,98604847
59.163.466/0001-50,1,VIMED,02,20250129,3312103,RS,8801,91220080,JARDIM ITU,51,91939773
59.163.480/0001-54,1,,02,20250129,3101200,MG,4133,32681414,JARDIM TERESOPOLIS,31,99587038
57.002.178/0001-99,1,,02,20240825,2391503,PR,7493,85806690,ESMERALDA,45,99610759
59.163.499/0001-09,1,,02,20250129,7319002,SP,6213,06411090,VILA BOA VISTA,11,13710257
59.163.510/0001-22,1,,08,20250129,5320201,RS,8511,94858470,JARDIM ALGARVE,51,85959952
59.163.518/0001-99,1,PORTNOI ENGENHARIA,02,20250129,7112000,BA,3849,41820021,CAMINHO DAS ARVORES,71,91846379
59.163.528/0001-24,1,,08,20250129,4772500,RJ,6001,22723427,TAQUARA,21,76100686
59.163.542/0001-28,1,,02,20250129,9609299,PR,7887,83902057,VILA PROHMANN,41,99153643
59.163.554/0001-52,1,WR INSTALACOES,02,20250129,4322301,SP,7107,04206002,IPIRANGA,11,51272498
59.163.563/0001-43,1,BUTINA TRANSPORTES,02,20250129,4930202,MG,4601,32510090,SAO SEBASTIAO,31,92781887
59.163.573/0001-89,1,,02,20250129,4752100,MA,0961,65930000,VILA ILDEMAR,99,85367112
59.163.586/0001-58,1,,02,20250129,4520001,CE,1373,61642140,PARQUE DAS NACOES (JUREMA),88,96909200
59.163.595/0001-49,1,,02,20250129,4520002,AL,2785,57073700,CIDADE UNIVERSITARIA,82,88391766
59.163.606/0001-90,1,,02,20250129,4781400,SP,7107,03609080,VILA SAO GERALDO,11,26411525
59.163.617/0001-70,1,,08,20250129,4399103,SP,6113,17132212,JARDIM VIENENSE,14,91946832
59.163.630/0001-20,1,,02,20250129,4724500,CE,1389,60831340,LAGOA REDONDA,85,91475499
59.163.641/0001-00,1,RAF ADS AGENCIA DE MARKETING,02,20250129,6319400,RS,8801,91380010,VILA IPIRANGA,41,98130414
59.163.651/0001-45,1,,08,20250129,8230001,SP,7107,03807310,VILA PARANAGUA,11,46726162
59.163.661/0001-80,1,,02,20250129,4330404,PR,7481,83602570,MORADIAS BOM JESUS,41,99030798
59.163.672/0001-60,1,MICROEMPREENDEDOR DAS MEI RECEBIVEIS LTDA,03,20250129,8291100,CE,1447,63010222,CENTRO,69,87521569
59.163.684/0001-95,1,,08,20250129,4789099,SP,7057,09080360,CAMPESTRE,11,64622078
59.163.694/0001-20,1,,08,20250129,4930201,SP,7113,18140022,CENTRO (SAO JOAO NOVO),11,41441514
59.163.705/0001-72,1,MARTA PINTO EMBALAGENS AGUA E GAS,02,20250129,4723700,AL,0562,57255000,CENTRO,82,99728663
59.163.718/0001-41,1,INDELEVEL,02,20250129,7319003,BA,3515,44023126,RUA NOVA,71,94045050
59.163.729/0001-21,1,,02,20250129,9602501,PR,7535,81560650,UBERABA,41,95127350
59.163.740/0001-91,1,,08,20250129,4520001,MS,9081,79230000,GUIA LOPES,67,92633585
59.163.751/0001-71,1,SUPORTE SMART UBERLANDIA CENTRO,08,20250129,4752100,MG,5403,38400112,CENTRO,34,92910188
59.163.764/0001-40,1,,02,20250129,1412601,PE,2549,55190600,MALAQUIAS CARDOSO,81,89864934
59.163.776/0001-75,1,,02,20250129,5611201,RJ,5901,25550443,COELHO DA ROCHA,21,26639200
59.163.788/0001-08,1,,08,20250129,4321500,MA,0803,65910440,VILA REDENCAO,99,84080329
59.163.798/0001-35,1,,02,20250129,7420001,SP,7107,01420003,JARDIM PAULISTA,11,32891892
59.163.809/0001-87,1,,02,20250129,4923002,SP,6477,07174005,RESIDENCIAL PARQUE CUMBICA,11,97001965
59.163.822/0001-36,1,,02,20250129,8599604,SP,6921,11704300,OCIAN,13,97735464
59.163.833/0001-16,1,,02,20250129,4399103,SP,7107,08260090,COLONIA (ZONA LESTE),11,81279660
59.163.844/0001-04,1,,08,20250129,5229099,PR,7407,83512140,RESTINGA SECA,41,84781996
59.163.854/0001-31,1,,02,20250129,4742300,SC,8053,88750000,CENTRO,48,99960684
59.163.864/0001-77,1,,02,20250129,4520001,SC,8161,88307297,RESSACADA,47,97267083
59.163.876/0001-00,1,,02,20250129,4399103,MG,4611,37576000,SANTA LUZIA,35,10023644
59.163.888/0001-26,1,,02,20250129,4744099,SP,7109,13521130,SANTA CRUZ,19,97435817
59.163.897/0001-17,1,,02,20250129,4930201,SP,6689,09321590,JARDIM ZAIRA,11,54309741
59.163.910/0001-38,1,,08,20250129,1412602,SP,7107,04966100,PARQUE DAS CEREJEIRAS,11,59093971
59.163.921/0001-18,1,BORGINHO TERRAPLANAGEM E PISCICULTURA LTDA,02,20250129,4313400,GO,9381,75350000,ZONA RURAL,62,86228762
12.309.173/0019-02,2,,02,20250129,4752100,GO,9571,75907681,RESIDENCIAL JARDIM CAMPESTRE,61,35612665
59.163.935/0001-31,1,,02,20250129,7911200,CE,1389,60165080,MEIRELES,85,88392860
59.163.947/0001-66,1,VIVAH!,02,20250129,7020400,BA,3515,44050192,QUEIMADINHA,51,93883435
59.163.958/0001-46,1,,02,20250129,4772500,RJ,5865,24350225,PIRATININGA,21,71363717
59.163.968/0001-81,1,I.A SOLUTIONS,02,20250129,8030700,PA,0509,68629118,JUPARANA,91,81546841
59.163.983/0001-20,1,,08,20250129,5620104,SP,6713,08760460,JARDIM LAYR,11,47275456
59.163.993/0001-65,1,CREDIVELOZ,03,20250129,6619302,MA,0921,65075441,RENASCENÇA,55,85234923
59.164.001/0001-14,1,,02,20250129,4399103,PE,2427,55643330,BAIRRO NOVO,81,94989851
59.164.013/0001-49,1,,02,20250129,5320201,SP,7107,02134001,VILA MARIA ALTA,11,88436213
59.164.024/0001-29,1,,02,20250129,1412601,SC,9945,89126000,CENTRO,47,97560328
59.164.034/0001-64,1,MM ENERGIA,02,20250129,3511501,ES,5667,29400000,PRATINHA,27,92280414
59.164.045/0001-44,1,ENGEMEG,02,20250129,7112000,SC,8233,88136202,SAO SEBASTIAO,48,92218363
59.164.057/0001-79,1,CLINICA DE CARDIOLOGIA DR. RODRIGO GALLINA,02,20250129,8630503,RO,0013,76980002,CENTRO (S-01),69,33220734
59.164.069/0001-01,1,,02,20250129,6209100,DF,9701,70340906,ASA SUL,61,30343645
59.164.078/0001-94,1,,02,20250129,5211702,PR,7563,85865370,PORTES,45,99619307
59.164.092/0001-98,1,,02,20250129,9602501,SC,8161,88305630,MARUI,47,99827448
59.164.104/0001-84,1,,08,20250129,6201501,PE,2381,55024740,INDIANOPOLIS,21,71442904
59.164.115/0001-64,1,,08,20250129,7319002,MG,4941,35661145,PROVIDENCIA,37,99971329
59.164.124/0001-55,1,,02,20250129,0111302,SP,3059,18475970,SITIO SANTA CRUZ,11,97958002
59.164.134/0001-90,1,SANTIAGO IMOVEIS S/C,02,20250129,6821801,BA,3573,45655836,NOSSA SENHORA DA VITORIA,75,87022701
59.164.142/0001-37,1,FREITAS COSMETICOS,02,20250129,4772500,BA,3981,44655000,CENTRO,75,82489790
59.164.155/0001-06,1,,02,20250129,3313999,PR,7691,87043581,JARDIM NOVO OÁSIS,44,30353700
59.164.166/0001-96,1,,02,20250129,8219999,SP,7057,09121540,JARDIM IPANEMA,11,98250128
59.164.176/0001-21,1,,02,20250129,8020002,AM,0281,69550510,COLONIA VENTURA,97,81014364
59.164.187/0001-01,1,,02,20250129,4781400,SC,8039,88330048,CENTRO,46,33284208
59.164.197/0001-47,1,,08,20250129,4744099,PR,7535,82810490,CAPAO DA IMBUIA,41,98588138
59.164.208/0001-99,1,INSTITUTO RAINHAS DO MAR,02,20241217,9430800,BA,3871,44218000,MARIA PEDREIRA TORRES,75,91206773
59.164.221/0001-48,1,EVOLVE HUMAN CAPITAL,02,20250129,7020400,SP,6291,13025085,CAMBUI,12,96598512
59.164.232/0001-28,1,,08,20250129,4757100,RJ,6001,23020715,GUARATIBA,21,65947428
59.164.245/0001-05,1,,02,20250129,4923001,PE,2531,51270060,COHAB,81,95778680
59.164.255/0001-32,1,,02,20250129,5320201,SC,8367,88704535,HUMAITA,48,91716039
59.164.264/0001-23,1,,02,20250129,5620104,RS,8901,93219066,VARGAS,51,98905274
59.164.275/0001-03,1,,02,20250129,4924800,SP,7107,08473270,CONJUNTO HABITACIONAL SITIO CONCEICAO,11,63654233
58.967.143/0001-57,1,,08,20250119,4789099,SP,7201,17603420,CONJUNTO HABITACIONAL CINQUENTENARIO,14,34966421
59.164.299/0001-62,1,,02,20250129,9602502,MG,4371,32223210,INCONFIDENTES,31,84677533
59.164.310/0001-94,1,,08,20250129,5320201,RJ,5925,27211300,SANTO AGOSTINHO,24,33371141
59.164.321/0001-74,1,,02,20250129,4781400,AL,2785,57073470,CIDADE UNIVERSITARIA,82,96193889
59.164.333/0001-07,1,THE SOFT ITALY SALTO,08,20250129,5611203,SP,7005,13326170,JARDIM CELANI,11,63904330
59.164.345/0001-23,1,,02,20250129,7319002,SC,8265,88210000,PEREQUE,47,99657065
59.164.354/0001-14,1,,02,20250129,4930201,MG,4595,32432310,JARDIM INDUSTRIAL (PARQUE DURVAL DE BARROS),31,99198197
59.164.365/0001-02,1,,02,20250129,5611204,SP,7139,14735000,VILA SANTO ANTONIO,17,96703630
59.164.374/0001-95,1,,02,20250129,4723700,RS,8955,95800000,CORONEL BRITO,51,97294166
59.164.385/0001-75,1,,02,20250129,4649401,RJ,6001,22743010,PECHINCHA,22,92884892
59.164.396/0001-55,1,,02,20250129,4924800,MT,8987,78580000,JARDIM DAS ARARAS,66,92011627
59.164.407/0001-05,1,,02,20250129,6190699,SC,8219,88830000,MONTE VERDE,48,34385479
54.548.074/0001-96,1,COXIM PESCA E PEIXARIA,02,20240401,4722902,MS,9065,79400000,MENDES MOURAO,67,98039362
59.164.429/0001-67,1,TBR COMERCIO E TRANSPORTES,02,20250129,4744002,SC,8131,89610000,L BOA ESPERANCA,49,91843134
59.164.439/0001-00,1,OTIMIZE GESTAO CONTABIL,02,20250129,6920601,PE,2531,51021110,BOA VIAGEM,81,81880104
59.164.451/0001-07,1,SETOR DE RECEBIMENTOS EMPRESARIAL,08,20250129,8291100,GO,9359,73890970,NOVA FLORES,21,67586077
59.164.461/0001-42,1,ORALLIFE,02,20250129,8630504,BA,3477,44250000,CENTRO,75,91695731
59.164.474/0001-11,1,,02,20250129,2542000,RJ,6001,21370380,CAVALCANTI,21,67160731
59.164.485/0001-00,1,,02,20250129,4322302,MG,4877,36892200,BELISARIO,13,97066174
59.164.497/0001-26,1,,02,20250129,7319002,PA,0427,66073005,GUAMA,91,80849690
59.164.505/0001-34,1,,02,20250129,9602502,RS,8891,97400000,NOVA ALEMANHA,55,99879580
59.164.516/0001-14,1,,08,20250129,6821801,CE,1247,61769106,AMADOR,85,91034052
59.164.523/0001-16,1,,02,20250129,7319002,PR,7535,81940217,UMBARA,41,98408657
59.164.537/0001-30,1,,02,20250129,9602501,PE,2381,55036000,KENNEDY,81,91616819
59.164.546/0001-20,1,,08,20250129,4399103,BA,3685,42714170,PORTAO,71,87427140
59.164.559/0001-08,1,,02,20250129,5611203,PE,2513,53416550,ARTUR LUNDGREN II,81,88402198
59.164.570/0001-60,1,,02,20250129,9609208,MT,9067,78055528,MORADA DA SERRA,65,84012319
59.164.580/0001-03,1,,08,20250129,3314706,SP,7107,08412000,GUAIANAZES,11,63053908
59.164.588/0001-61,1,,02,20250129,4330404,RJ,5803,28976096,AREAL,22,92493026
59.164.599/0001-41,1,,02,20250129,4923002,RJ,6001,22723021,TAQUARA,21,82083744
59.164.612/0001-62,1,PAGAMENTOJA,03,20250129,6619302,MA,0921,65075441,RENASCENÇA,55,85234923
59.164.625/0001-31,1,,02,20250129,1749400,RJ,6001,22010060,LEME,21,88551244
59.164.636/0001-11,1,,02,20250129,7990200,PR,7885,83075085,BORDA DO CAMPO,41,99151616
59.164.647/0001-00,1,,02,20250129,4781400,SP,7107,02288035,VILA AYROSA,11,85834996
59.164.658/0001-81,1,,08,20250129,7319002,SP,7075,09847430,ALVARENGA,11,43380623
59.164.669/0001-61,1,CAICO BORDADOS,02,20250129,1340599,RN,1639,59300000,NOVA DESCOBERTA,84,98489316
59.164.682/0001-10,1,CMAR SERVICOS,02,20250129,8211300,SC,8045,88160116,CENTRO,31,94942626
59.164.694/0001-45,1,,02,20250129,8599699,RN,1761,59090585,PONTA NEGRA,84,99025207
59.164.704/0001-42,1,,02,20250129,5612100,PE,2491,53020560,VARADOURO,81,85882646
59.164.716/0001-77,1,,02,20250129,4755503,MS,9051,79103391,JARDIM SAYONARA,67,93040135
59.164.726/0001-02,1,,02,20250129,9609208,RJ,5869,26290012,PALHADA,21,73194231
42.738.198/0002-36,2,NATURAIS GREEN,02,20250129,4729699,MT,9067,78042805,PARQUE RESIDENCIAL TROPICAL VILLE,65,99459222
59.164.746/0001-83,1,GRANJA DONA MARIA,02,20250129,0155505,PB,2041,58780000,AREA RURAL,83,98454362
59.164.758/0001-08,1,LM TREINAMENTO PERSONALIZADO,02,20250129,9313100,MG,4123,31975270,JARDIM VITORIA,41,98130414
59.164.769/0001-98,1,,08,20250129,4399103,RJ,2913,26455280,ENGENHEIRO PEDREIRA,21,90881537
59.164.781/0001-00,1,,08,20250129,4782202,RO,0003,76820878,EMBRATEL,69,93066376
59.164.790/0001-93,1,,02,20250129,5320201,RJ,2909,26178540,SAO VICENTE,21,0
59.164.800/0001-90,1,,02,20250129,5611203,CE,1481,62170000,MUCAMBO,21,81671400
59.164.811/0001-70,1,,02,20250129,5912099,GO,9373,74643070,SETOR LESTE VILA NOVA,62,00000000
59.164.821/0001-06,1,CAROLINE TERAPIAS MANUAIS,02,20250129,8650004,SP,7107,04844500,JARDIM SAO BERNARDO,11,40137111
59.164.834/0001-85,1,,02,20250129,9602501,SP,6981,13398076,RESIDENCIAL BOM JARDIM,19,71478939
59.164.844/0001-10,1,,02,20250129,5912099,SP,7149,13179230,PARQUE RESIDENCIAL REGINA (NOVA VENEZA),19,87590352
59.164.856/0001-45,1,,02,20250129,5320201,SP,6219,17057005,VILA INDUSTRIAL,14,82160125
59.164.867/0001-25,1,,02,20250129,5620104,RJ,6001,23045805,CAMPO GRANDE,21,83389435
59.164.878/0001-05,1,ESPACO EDUCATIVO SANTIAGO,02,20250129,8512100,AL,2785,57037440,MANGABEIRAS,82,88417728
59.164.890/0001-10,1,,08,20250129,4723700,PA,0405,68890000,ZONA RURAL DO MUNICIPIO DO AFUA,96,84055985
59.164.902/0001-06,1,,02,20250129,4752100,MG,5137,38190000,CENTRO,34,98223152
59.164.912/0001-41,1,ARGO EMPREENDIMENTOS DIGITAIS,02,20250129,4789001,SP,7107,01451917,JARDIM PAULISTANO,11,89976667
59.164.924/0001-76,1,,02,20250129,4330499,RS,8637,99712493,PAIOL GRANDE,54,99115644
59.164.933/0001-67,1,,02,20250129,5320202,PA,0477,68170000,MARACANA,93,81247013
59.164.944/0001-47,1,,02,20250129,6911701,BA,3669,48901340,PEDRA DO LORD,74,98819909
48.182.019/0001-22,1,,02,20221004,4755503,SP,6543,11749820,SAO FERNANDO (CHACARAS),13,88140924
59.164.966/0001-07,1,CLASSE A SEMENTES,02,20250129,0141501,MG,5403,38411108,PATRIMONIO,34,32227080
56.255.716/0001-94,1,ALL BIG,03,20240804,5211701,MT,9067,78098270,DISTRITO INDUSTRIAL,11,28920700
59.164.986/0001-88,1,,02,20250129,9602502,DF,9701,71070624,GUARA II,61,81125229
59.164.997/0001-68,1,,02,20250129,5620104,SP,7107,03207050,VILA ALPINA,11,20362179
59.165.009/0001-03,1,,02,20250129,1531902,MG,4993,35545000,PERDIGAO,37,91450842
59.165.020/0001-65,1,ROCKETBYTES,02,20250129,6201501,RJ,6001,20050005,CENTRO,21,64571265
59.165.031/0001-45,1,,08,20250129,2391503,SP,7107,02328060,JARDIM PALMARES (ZONA NORTE),11,41451323
59.165.042/0001-25,1,HORTIFRUTI MASTER,02,20250129,4724500,PE,2535,55520000,CENTRO,81,91579651
59.165.058/0001-38,1,,02,20250129,4520007,SP,6979,13504200,JARDIM OLINDA,19,97123100
59.165.069/0001-18,1,,08,20250129,4541206,CE,1389,60341515,JARDIM IRACEMA,85,21501768
59.165.079/0001-53,1,321 IMPORTS,02,20250129,7490104,PA,0427,66650270,COQUEIRO,91,93066500
59.165.091/0001-68,1,,08,20250129,4772500,MG,5441,36520000,SERRA VERDE,32,88134357
56.633.732/0003-35,2,,02,20250129,0131800,SP,6493,14949899,WAMICANGA,16,33422435
59.165.107/0001-32,1,,02,20250129,8712300,SP,7225,13275900,JARDIM BOM RETIRO,19,92767806
59.165.119/0001-67,1,,02,20250129,8219999,SC,8165,89896000,BAIRRO DO PARQUE,49,88117848
59.165.130/0001-27,1,,08,20250129,4782201,SP,6425,14408140,JARDIM JOAO LIPORONI,16,99965895
59.165.143/0001-04,1,,02,20250129,4321500,PE,2377,56820000,CENTRO,87,96145019
59.165.154/0001-86,1,,08,20250129,4930201,SP,6203,17250085,CENTRO,37,84060899
59.165.168/0001-08,1,,08,20250129,5620104,SP,6969,14085000,CAMPOS ELISEOS,75,99254766
59.165.178/0001-35,1,VOGUE BUSSINES,02,20250129,6821801,RJ,6001,22790682,RECREIO DOS BANDEIRANTES,21,64347850
54.124.057/0001-21,1,,02,20240229,8599604,RJ,6001,23035380,CAMPO GRANDE,21,86934395
59.165.198/0001-06,1,LDS SOLUCOES EMPRESARIAIS,02,20250129,8211300,SP,7107,02134001,VILA MARIA ALTA,11,62834190
59.165.210/0001-82,1,,08,20250129,8599699,RN,1761,59075350,NOVA DESCOBERTA,84,87199611
59.165.222/0001-07,1,,02,20250129,9001902,SP,6369,12720060,VILA DOUTOR JOAO BATISTA (PARTE ALTA),12,88415718
59.152.690/0001-47,1,,08,20250128,5320201,SP,6563,08589310,JARDIM NICEA,11,88239814
59.165.244/0001-77,1,AVANTE SERVICOS,02,20250129,4619200,AM,0255,69083290,ALEIXO,92,84010157
59.165.254/0001-02,1,,02,20250129,4330404,PR,7583,85030310,JARDIM DAS AMERICAS,42,36238011
59.165.263/0001-01,1,,02,20250129,9602502,MG,4865,39401053,JARDIM SAO LUIZ,38,98713481
59.165.273/0001-39,1,,02,20250129,8599604,MG,4123,30622090,BONSUCESSO (BARREIRO),31,83050144
59.165.286/0001-08,1,,08,20250129,4322302,RJ,5899,28200000,BAIRRO DE FATIMA,22,81588876
59.165.299/0001-87,1,,02,20250129,4110700,PR,7535,80330040,PORTÃO,41,30399009
59.165.310/0001-09,1,,08,20250129,4930201,PR,7453,86130000,JARDIM LAGOA DOURADA,43,32321417
59.165.320/0001-44,1,,02,20250129,5912099,CE,1569,62320220,LAURAO,88,98003565
59.165.331/0001-24,1,,02,20250129,4723700,PE,2491,53300070,JARDIM BRASIL,81,87872437
59.165.345/0001-48,1,,08,20250129,5611201,SP,2951,13184280,REMANSO CAMPINEIRO,19,99871097
59.165.355/0001-83,1,,02,20250129,4923002,RJ,5897,24732160,PACHECO,21,68328251
59.165.369/0001-05,1,,02,20250129,9602501,RJ,6001,23040230,CAMPO GRANDE,22,27208180
59.165.379/0001-32,1,,08,20250129,5611205,SP,6861,12401300,JARDIM BOA VISTA,12,88502854
59.165.390/0001-00,1,,02,20250129,4530703,GO,0085,76560000,JOSE BASILIO,62,84813863
59.165.401/0001-44,1,,02,20250129,8712300,SP,6601,06622270,PARQUE SANTA TEREZA,11,77090617
57.257.889/0001-04,1,,02,20240912,7911200,SP,7107,02066000,VILA GUILHERME,11,92780490
59.165.424/0001-59,1,,02,20250129,4929901,MA,0120,65535000,CENTRO,98,91526773
59.165.436/0001-83,1,,02,20250129,4322302,SP,7107,02855190,JARDIM CAROMBE,11,26745745
59.165.446/0001-19,1,,02,20250129,9700500,SP,6425,14406687,JARDIM MARTINS,16,91783141
59.165.459/0001-98,1,,02,20250129,4923002,MG,4267,35300442,FLORESTA,33,88560046
59.165.469/0001-23,1,,02,20250129,4330403,MG,5133,34600010,NOSSA SENHORA DE FATIMA,31,92541221
59.165.481/0001-38,1,,02,20250129,8712300,SC,8179,89210055,ITAUM,47,88938018
59.165.490/0001-29,1,,02,20250129,8219999,SP,6789,06162280,PADROEIRA,11,36910768
59.165.501/0001-70,1,,02,20250129,7420001,SP,6589,12318460,VILA NOVA ALIANCA,12,96420894
58.623.037/0001-56,1,J.A.Q.,03,20250104,8630599,SP,7107,01311904,BELA VISTA,13,91490800
59.165.518/0001-28,1,,08,20250129,1032599,RJ,5877,25645220,INDEPENDENCIA,24,99123221
59.165.528/0001-63,1,,08,20250129,7420001,RJ,5833,25035030,VILA LEOPOLDINA,21,65781486
59.165.539/0001-43,1,,08,20250129,4729699,RN,1837,59296856,JARDIM LOLA,11,77956474
51.017.902/0001-71,1,,02,20230612,4930201,BA,3849,41218770,NOVO HORIZONTE,71,92409026
59.165.560/0001-49,1,VITORIA FERNANDES LTDA,02,20250129,6391700,SP,7107,04537001,VILA NOVA CONCEICAO,11,97374526
59.165.570/0001-84,1,,02,20250129,4712100,SP,6929,19045010,JARDIM CAMBUCI,18,97695737
59.165.582/0001-09,1,,02,20250129,5612100,RN,1779,59144850,NOVA ESPERANCA,84,88247245
59.165.593/0001-99,1,,02,20250129,9602501,RS,8955,95800000,CENTRO,51,83054184
59.165.604/0001-30,1,AD GOMES,02,20250129,8211300,PA,0427,66095491,MARCO,91,80772993
59.165.616/0001-65,1,,08,20250129,0161003,MG,5065,39135000,CENTRO,38,35451122
59.165.627/0001-45,1,,08,20250129,8219999,RJ,5847,27925150,LAGOA,22,99879196
59.165.637/0001-80,1,WS SERVICOS,02,20250129,8291100,PB,2143,58840000,SANTO AMARO,83,81171514
59.165.649/0001-05,1,,02,20250129,5620102,SP,6877,18808346,CONJUNTO HABITACIONAL DOUTOR JOSE MARIA ARBEX,14,96250449
57.062.506/0014-67,2,,02,20250129,4721104,GO,9359,73890000,ZONA RURAL,44,43424222
59.165.672/0001-08,1,,08,20250129,4753900,SE,3123,49820000,MONOPOLIO,79,96055223
59.165.682/0001-35,1,,02,20250129,4763602,RJ,5813,28911190,PALMEIRAS,22,26232262
59.165.693/0001-15,1,,08,20250129,5229099,SP,7183,12042410,RESIDENCIAL NOVO HORIZONTE,11,88062232
59.165.703/0001-12,1,,02,20250129,4923002,SP,7107,08142377,JARDIM MIRIAM,11,62076645
59.165.716/0001-91,1,,02,20250129,5212500,PR,7885,83070100,RIO PEQUENO,12,31335545
59.165.727/0001-71,1,,02,20250129,4755502,PB,2185,58815000,ZONA RURAL,83,81198143
59.165.736/0001-62,1,,02,20250129,4923002,SP,7151,08660215,JARDIM SAUDE,11,62508032
59.165.749/0001-31,1,,02,20250129,4752100,BA,3849,40450750,URUGUAI,71,93727004
59.165.759/0001-77,1,,08,20250129,5320202,SP,6639,13480404,VILA CLAUDIA,19,71643110
59.165.770/0001-37,1,,02,20250129,4399103,SC,8333,89990000,DISTRITO SAO ROQUE,49,99553436
58.566.971/0001-83,1,,08,20241227,9602501,SP,7107,08372209,JARDIM DAS ROSAS (IGUATEMI),11,77243435
59.165.792/0001-05,1,,02,20250129,4399103,MT,8993,78285000,JARDIM VISTA ALEGRE,65,99336665
59.165.804/0001-93,1,,08,20250129,9602502,AL,2785,57010730,TRAPICHE DA BARRA,82,87379930
59.165.814/0001-29,1,,02,20250129,7319002,RS,8953,95217009,VITORIA,54,99183224
59.165.826/0001-53,1,,02,20250129,9601701,MG,4999,35114000,CENTRO,33,99863590
59.165.838/0001-88,1,,02,20250129,5320202,MT,9047,78236000,DISTRITO DE CARAMUJO,65,32234297
59.165.849/0001-68,1,,02,20250129,8712300,SP,7107,05574440,CONJUNTO PROMORAR RAPOSO TAVARES,11,28394948
52.134.870/0001-57,1,,02,20230911,5612100,MG,4377,35780000,CENTRO,31,92044459
59.165.872/0001-52,1,,02,20250129,9609299,RS,8591,99500000,VILA RICA,54,99457562
59.165.881/0001-43,1,,02,20250129,4781400,SP,7107,08062300,JARDIM SAO CARLOS (ZONA LESTE),11,20268748
59.165.892/0001-23,1,MB ADMINISTRACAO DE OBRAS E ENGENHARIA,02,20250129,7112000,SP,6587,14882040,APARECIDA,16,97223578
59.165.904/0001-10,1,,02,20250129,4712100,SP,7075,09835555,SANTA CRUZ,11,32540599
59.165.915/0001-08,1,,08,20250129,5611201,SC,8233,88133400,JARDIM ELDORADO,21,81859149
59.165.923/0001-46,1,,08,20250129,4723700,MG,5273,37470000,SONDA,35,91698371
59.165.934/0001-26,1,DARLING LOCACOES,02,20250129,7723300,GO,9227,74930130,SETOR GARAVELO,62,99999999
59.165.947/0001-03,1,,02,20250129,8650004,SP,7107,08461570,JARDIM SAO PAULO(ZONA LESTE),11,99373166
59.165.960/0001-54,1,,08,20250129,8230001,PI,1219,64057200,VALE QUEM TEM,86,81363859
59.165.971/0001-34,1,,02,20250129,7319002,PR,7513,83407170,SAO GABRIEL,41,20003016
59.165.982/0001-14,1,,02,20250129,1091101,RJ,5897,24724830,MARAMBAIA,21,93555676
59.165.997/0001-82,1,,08,20250129,6204000,MG,4123,30160040,CENTRO,31,96901610
59.166.006/0001-86,1,,02,20250129,4520001,SP,5447,06890000,CENTRO,11,47441194
59.166.018/0001-00,1,,08,20250129,8712300,RJ,6001,22753050,ANIL,21,21025454
59.166.030/0001-15,1,,02,20250129,9602501,BA,3849,41342495,JAGUARIPE I,71,96586502
59.166.040/0001-50,1,,02,20250129,4930201,RJ,5897,24721480,SANTA LUZIA,21,68305225
59.166.052/0001-85,1,,02,20250129,4399103,PE,2435,53637150,BONFIM,87,99953793
59.166.063/0001-65,1,,02,20250129,1531902,PR,7777,84062710,CHAPADA,42,98520925
59.166.076/0001-34,1,,02,20250129,9602501,RJ,5897,24455806,TRINDADE,21,22524665
52.066.888/0001-69,1,JMS USINAGEM E MAQUINAS,02,20230904,2539001,MG,4755,37480000,PITANGUEIRAS,35,98960780
59.166.097/0001-50,1,,02,20250129,4399103,SP,6605,13242200,RECANTO SILVANA,99,92002926
59.166.106/0001-02,1,,08,20250129,8219901,SP,7107,05628030,JARDIM COLOMBO,11,97085855
59.166.118/0001-37,1,,02,20250129,4646001,SC,8161,88318112,ITAIPAVA,11,41422048
59.166.129/0001-17,1,,08,20250129,4729601,SP,7107,08253710,CONJUNTO RESIDENCIAL JOSE BONIFACIO,11,26843844
59.166.141/0001-21,1,,02,20250129,4744099,RS,8531,96402470,MENINO DEUS,53,99943364
59.166.152/0001-01,1,,02,20250129,4752100,RN,1761,59091250,PONTA NEGRA,84,92016964
59.166.161/0001-00,1,,02,20250129,9602501,MG,5403,38401036,PRESIDENTE ROOSEVELT,34,96899939
59.166.172/0001-82,1,TUTORIAS BAR,08,20250129,5611205,GO,9227,74905111,JARDIM DAS ESMERALDAS,62,85899336
59.166.184/0001-07,1,M&F SAUDE E CONSCIENCIA,02,20250129,8650003,SP,7057,09280510,VILA CURUCA,11,62072708
59.166.193/0001-06,1,,02,20250129,4930201,SP,6309,13360354,RESIDENCIAL SANTO ANTONIO,13,82084507
59.166.203/0001-03,1,,08,20250129,4930201,SC,8221,88370546,SAO DOMINGOS,47,91563468
59.166.213/0001-30,1,,02,20250129,4923001,MG,5163,39780000,VALE VERDE,33,88392629
59.166.225/0001-65,1,,02,20250129,7911200,RJ,5853,24940000,CHACARAS DE INOA (INOA),21,82054684
59.166.236/0001-45,1,,02,20250129,4744099,MG,4123,31360380,URCA,31,91073101
59.166.248/0001-70,1,,02,20250129,4724500,BA,3979,48870000,ESTRADA DA GAMELEIRA - SEDE,75,92996606
59.166.260/0001-84,1,JOELSON EMBREAGENS,02,20250129,4520001,RN,1761,59072475,FELIPE CAMARAO,84,86823232
52.344.795/0001-59,1,,02,20230927,6911701,SP,7107,05360020,VILA BUTANTA,11,59251718
59.166.279/0001-20,1,,02,20250129,9609208,SP,7009,19920035,CENTRO,14,96737240
59.166.291/0001-35,1,,08,20250129,4781400,MT,9895,78655000,SANTOS DUMONT,66,84389566
59.166.300/0001-98,1,,02,20250129,8219999,RJ,5877,25675160,MOSELA,24,81244449
59.166.311/0001-78,1,,02,20250129,6911701,RS,8801,90550001,SAO JOAO,51,32246687
59.166.323/0001-00,1,,08,20250129,7319002,RN,1759,59621495,SANTO ANTONIO,84,98976895
59.166.335/0001-27,1,,02,20250129,9609208,GO,9563,75862524,RESIDENCIAL VIENA,64,92206875
59.166.345/0001-62,1,,08,20250129,1091102,RJ,6001,23035100,GUARATIBA,21,71042609
59.166.357/0001-97,1,,02,20250129,0161003,GO,9361,73813280,FORMOSINHA,61,98222934
59.166.368/0001-77,1,,02,20250129,5620102,PR,7777,84046350,COLONIA DONA LUIZA,42,98271385
46.012.620/0001-41,1,FLS SERVICOS DE TECNOLOGIA,02,20220412,9511800,SP,7057,09090710,JARDIM,11,69979188
59.166.387/0001-01,1,ECE HOLDINGS,02,20250129,6462000,BA,3377,47600000,CAVALHADA,77,99683745
59.166.398/0001-83,1,,02,20250129,4930201,SP,7233,13223470,RESIDENCIAL ALEXANDRIA,11,73137563
59.166.409/0001-25,1,,08,20250129,7319002,GO,9361,73801560,CENTRO,61,98232192
59.166.420/0001-95,1,,02,20250129,4399103,MG,4029,36660000,JAQUEIRA,32,98803354
59.166.432/0001-10,1,,02,20250129,9602501,PR,7665,86790000,VILA FELIZ,44,32491780
59.166.442/0001-55,1,,08,20250129,4923002,RJ,6001,23030470,GUARATIBA,21,24158912
59.166.455/0001-24,1,,08,20250129,8599699,PR,7691,87020230,ZONA 07,44,97390260
59.166.466/0001-04,1,,02,20250129,4330403,RJ,5871,26600000,GUARAJUBA,21,95790463
59.166.477/0001-94,1,,08,20250129,4774100,SE,3105,49075540,SIQUEIRA CAMPOS,79,91984061
59.166.489/0001-19,1,,02,20250129,9521500,SC,5537,88215000,BOMBAS,47,97759804
59.166.500/0001-40,1,SUB ZERO DISTRIBUIDORA DE BEBIDAS,02,20250129,4723700,GO,9325,73850000,MANSOES MARAJO C,64,93308317
59.166.510/0001-86,1,AY CFI ASSESSORIA EMPRESARIAL LTDA,02,20250129,4789007,CE,1341,62760000,CENTRO,11,40029822
59.166.522/0001-00,1,,02,20250129,1220499,SP,6221,14708294,JARDIM SAO FERNANDO,17,97173512
54.192.154/0001-51,1,,08,20240305,1412601,SP,6875,13426121,JARDIM ORIENTE,0,0
59.166.541/0001-37,1,,02,20250129,5611203,SP,6377,09980600,SERRARIA,11,62077543
59.166.552/0001-17,1,,02,20250129,4330404,AM,0255,69006307,GILBERTO MESTRINHO,92,84173935
59.166.564/0001-41,1,RANCHO WOOD S BAR,02,20250129,5611205,SC,8309,88140000,CENTRO,48,99628121
57.565.805/0001-08,1,,02,20241004,7112000,GO,9373,74140110,SET OESTE,21,25324428
51.469.457/0001-80,1,,08,20230718,3321000,MG,4445,35500495,SANTA ROSA,37,99998475
59.166.598/0001-36,1,,08,20250129,4781400,MS,9055,79940000,CAPITAO VIGARIO,67,99838307
59.166.610/0001-02,1,,02,20250129,9602502,RO,0003,76801110,CENTRO,69,99999999
59.166.621/0001-92,1,,02,20250129,5510801,RS,8433,95595000,CENTRO,51,82722347
59.166.632/0001-72,1,,02,20250129,5223100,SP,6979,13505430,JARDIM SAO CAETANO,19,96958145
59.166.646/0001-96,1,,02,20250129,4930202,RS,9821,95890000,CANABARRO,55,99158145
59.166.657/0001-76,1,,02,20250129,5320202,MG,4123,31060270,BOA VISTA,31,34459120
59.166.669/0001-09,1,VIDA ATIVA FISIOTERAPIA,02,20250129,8650004,CE,1389,60410072,MONTESE,85,85200589
59.166.679/0001-36,1,HM MULTISERVICOS LTDA,02,20250129,7711000,TO,9733,77015032,PLANO DIRETOR SUL,63,92171933
59.166.688/0001-27,1,,02,20250129,4723700,RJ,6001,22773580,CIDADE DE DEUS,21,81554372
59.166.701/0001-48,1,,02,20250129,4930202,MG,4031,37137676,JARDIM PRIMAVERA,35,88273274
59.166.713/0001-72,1,,02,20250129,8650003,MG,4959,38700107,CENTRO,34,99524898
59.166.723/0001-08,1,,02,20250129,8599699,BA,3849,41412334,AREIA BRANCA,71,81443475
59.166.734/0001-98,1,,02,20250129,4923002,RJ,2921,28891222,MARIA TURRI,22,22103351
59.166.747/0001-67,1,,08,20250129,4930201,BA,3965,45028492,CANDEIAS,77,81175724
59.166.757/0001-00,1,,02,20250129,7319004,SP,7107,04077022,MOEMA,11,50493455
59.166.766/0001-93,1,,02,20250129,5620104,PR,7535,81935308,SITIO CERCADO,41,92731584
59.166.776/0001-29,1,,02,20250129,8211300,SP,7107,04601061,BROOKLIN NOVO,11,72683711
59.166.788/0001-53,1,,02,20250129,4399103,SP,7005,13323035,JARDIM MARILIA,11,86520924
59.166.800/0001-20,1,,02,20250129,5912099,GO,9307,76302012,SETOR VILA NOVA,62,98397278
59.166.812/0001-54,1,,02,20250129,8219999,GO,9493,75750000,CARMELINDA G. DURVAL,64,99438773
59.166.823/0001-34,1,MONTEZZI SERVICOS MEDICOS,02,20250129,8610102,RJ,5865,24220320,ICARAI,21,97101910
59.166.834/0001-14,1,,02,20250129,4781400,SP,6401,06810500,JARDIM CASA BRANCA,11,62147662
59.166.847/0001-93,1,,08,20250129,5320201,PR,7769,83311190,VILA MARIANA,41,84194511
59.166.857/0001-29,1,IGREJA MINISTERIO CHAMAS NO ALTAR,02,20241211,9491000,MG,4501,37640092,CENTRO,35,92746603
59.166.867/0001-64,1,,02,20250129,9602502,MG,5293,37955482,JARDIM PLANALTO I,35,84378095
59.166.879/0001-99,1,,02,20250129,8292000,ES,5681,29980000,NOVA GALILEIA,27,96930983
59.166.890/0001-59,1,,02,20250129,5611203,PR,7575,86465000,CENTRO,43,91866404
59.166.903/0001-90,1,,02,20250129,7420001,RJ,5815,28686680,RAPOSO,21,72623818
59.166.914/0001-70,1,,02,20250115,0121101,SP,6857,18170000,CAETEZAL,15,98886066
59.166.922/0001-16,1,AMC DELCON,02,20250122,9499500,MG,4647,37500033,CENTRO,35,91383832
59.166.933/0001-04,1,,08,20250129,4712100,SP,7107,04470130,JARDIM APURA,11,51457398
59.166.945/0001-20,1,,02,20250129,4782201,SP,7149,13173050,JARDIM PRIMAVERA,19,34765629
59.166.954/0001-11,1,COMERCIAL MIRAMAR,02,20250129,4774100,CE,1389,60025100,CENTRO,85,32523612
59.166.965/0001-00,1,,02,20250129,8219999,PR,7751,85501062,CENTRO,46,99999999
59.166.978/0001-70,1,,02,20250129,9602501,SP,6291,13092015,JARDIM PLANALTO,19,99609875
59.166.989/0001-50,1,,02,20250129,8599604,CE,1389,60120002,JOAQUIM TAVORA,85,30918373
59.167.000/0001-23,1,JOICE SOUSA - SERVICOS EM NEUROPSICOLOGIA,02,20250129,8650003,SP,6619,13212112,JARDIM ERMIDA I,11,63791015
59.167.012/0001-58,1,,02,20250129,9602501,GO,9625,75382235,JARDIM SCALA,62,85121528
59.167.024/0001-82,1,OAKBERRY MANDALA,02,20250129,5611203,RJ,6001,22793080,BARRA DA TIJUCA,21,64553022
59.167.034/0001-18,1,,02,20250129,4321500,RJ,2909,26112240,CENTRO,21,94027223
51.769.557/0011-02,2,,02,20250129,4753900,RJ,5909,28994711,BACAXA,22,26512870
51.769.557/0019-51,2,,02,20250129,4753900,RJ,5819,28010190,CENTRO,22,26512870
59.167.043/0001-09,1,,02,20250129,5611201,GO,9221,75066075,LAS PALMAS,62,92671929
59.167.051/0001-55,1,,08,20250129,8219999,MG,4117,36295142,ROSARIO,32,99955255
59.167.062/0001-35,1,,08,20250129,4754701,MG,4937,35669000,CENTRO,00,00000000
59.167.075/0001-04,1,,02,20250129,5611203,PE,2457,54310212,PRAZERES,81,88859306
59.167.085/0001-40,1,LAR PLENO IMOVEIS,02,20250129,6821801,SP,6569,13256224,LOT RESIDENCIAL  SITIO DO ENGENHO,11,71116706
59.167.095/0001-85,1,,02,20250129,4520006,MG,5403,38410094,GRANADA,34,33169136
59.167.108/0001-16,1,CANEDO CONSULTORIA EM NEGOCIOS,02,20250129,8211300,SP,7107,01310200,BELA VISTA,11,93146647
59.167.119/0001-04,1,,02,20250129,9602501,SP,6361,06717175,VILA MONTE SERRAT,11,0
59.167.131/0001-00,1,,02,20250129,9609206,RS,8771,93315010,VILA ROSA,51,83538975
59.167.142/0001-90,1,,08,20250129,8230001,SP,6713,08738255,VILA BRASILEIRA,11,27588819
59.167.154/0001-15,1,,02,20250129,4930201,PR,9983,83820750,EUCALIPTOS,41,91005593
59.167.165/0001-03,1,,02,20250129,7020400,SP,6549,18400520,CENTRO,15,35215449
59.167.176/0001-85,1,,08,20250129,4789099,MG,4031,37130157,CENTRO,35,98820677
59.167.185/0001-76,1,,02,20250129,2542000,SP,6477,07176390,VILA NOVA BONSUCESSO,11,89118364
59.167.195/0001-01,1,,02,20250129,5612100,BA,3413,42809051,GLEBA B,71,84095461
59.167.208/0001-42,1,,08,20250129,9700500,PR,7683,85963232,ALVORADA,64,92075406
59.167.222/0001-46,1,,02,20250129,4729699,SC,8321,88240000,CENTRO,48,88652992
59.167.231/0001-37,1,,02,20250129,4330404,MG,4123,31985140,SAO GABRIEL,31,92379035
59.167.242/0001-17,1,,02,20250129,5611205,SP,6565,18462070,JARDIM SINHA,15,98589423
59.167.251/0001-08,1,,02,20250129,4399103,PR,7429,84990000,PINDORAMA,43,99750501
59.167.263/0001-32,1,,08,20250129,7319002,RS,8801,90550002,SAO JOAO,51,99709815
59.167.274/0001-12,1,MWO HANGUGEO,02,20250129,8593700,RJ,5865,24240210,SANTA ROSA,21,75510090
59.167.285/0001-00,1,,02,20250129,8219999,MG,5343,35700441,SANTA RITA DE CASSIA,31,87512177
59.167.297/0001-27,1,,02,20250129,8219999,SP,6209,14785011,JARDIM BOTANICO,17,33211616
59.167.308/0001-79,1,FARMA VIDA,08,20250129,4771701,CE,1537,62906899,AREA RURAL,85,88245010
59.167.322/0001-72,1,,02,20250129,4930201,SP,7107,03271000,JARDIM REGINA,11,95153902
59.167.332/0001-08,1,,02,20250129,8219999,SC,5543,88845000,MONTE CARLOS,48,99087828
59.167.344/0001-32,1,ATIVACOR,08,20250129,9602502,SP,7151,08690255,CIDADE MIGUEL BADRA,11,52742911
59.167.356/0001-67,1,,08,20250129,4721102,RJ,6001,20950003,SAO FRANCISCO XAVIER,21,97966675
59.167.367/0001-47,1,,02,20250129,7420004,RJ,6001,22450270,VIDIGAL,41,30767931
59.167.376/0001-38,1,,02,20250129,4520003,PR,8451,85160000,VILA CACULA,42,84070742
50.012.118/0001-08,1,,08,20230321,7319002,CE,1389,60765000,ARACAPE,85,96944250
59.167.401/0001-83,1,,02,20250129,7319002,AC,0139,69907530,RECANTO DOS BURITIS,73,99850846
59.167.412/0001-63,1,,08,20250129,5229099,RJ,5853,24908765,UBATIBA,21,68952260
59.167.422/0001-07,1,,02,20250129,4399103,RJ,6001,23587020,GUARATIBA,21,22701710
59.167.432/0001-34,1,,02,20250129,4520001,PR,7885,83045672,AVIACAO,41,92000457
59.167.444/0001-69,1,,08,20250129,4930201,SP,6291,13050063,VILA MIMOSA,19,81196145
59.167.455/0001-49,1,,02,20250129,4789001,SP,6689,09341310,PARQUE BANDEIRANTES,11,94799219
59.167.466/0001-29,1,,02,20250129,4633801,SP,6863,15835160,DISTRITO INDUSTRIAL ANGELO SALVADOR,17,33644859
59.167.477/0001-09,1,,02,20250129,9511800,SP,7107,01050070,CENTRO,11,88999690
59.167.488/0001-99,1,TEIXEIRA PSICOLOGA,02,20250129,8650003,MG,4959,38702172,CAICARAS,38,97395002
59.167.499/0001-79,1,,02,20250129,8599604,RS,8801,91920530,CAMAQUA,51,81229057
54.999.252/0001-03,1,DISTRIOPEN BOSQUE,02,20240504,4723700,AC,0139,69900565,BOSQUE,68,92210313
59.167.520/0001-36,1,,02,20250129,8712300,SP,6469,12510546,JARDIM FRANCA II,12,96787967
59.167.531/0001-16,1,,08,20250129,4520005,SC,0946,89875000,LINHA LAGEADO TIGRE,49,99097768
59.167.543/0001-40,1,,08,20250129,8219999,BA,3661,45200350,CENTRO,73,81194896
59.167.555/0001-75,1,,02,20250129,5320202,MG,4877,36889304,SAO CRISTOVAO,32,98320797
59.167.562/0001-77,1,LIFE UTILIDADE DOMESTICA E COSMETICOS,02,20250129,4755503,RJ,6001,23590060,SANTA CRUZ,21,31587291
59.167.574/0001-00,1,,02,20250129,4520006,ES,5625,29157327,NOVA ROSA DA PENHA,27,88812373
59.167.584/0001-37,1,,02,20250129,4930201,SP,6789,06140070,CONCEICAO,11,51996105
59.167.596/0001-61,1,,02,20250129,4772500,RJ,5877,25635280,CHACARA FLORA,24,22354935
59.167.608/0001-58,1,,02,20250129,7319002,RJ,5915,25956110,SAO PEDRO,21,94551084
59.167.617/0001-49,1,,02,20250129,9001906,SP,7175,15906286,SANTA CRUZ,16,96258447
59.167.631/0001-42,1,,02,20250129,7319002,MG,5403,38421015,LOTEAMENTO RESIDENCIAL PEQUIS,11,67885827
59.167.642/0001-22,1,,02,20250129,8599699,SP,6713,08770120,VILA INDUSTRIAL,11,84226278
59.167.654/0001-57,1,,02,20250129,4781400,SP,7107,03271020,JARDIM REGINA,11,27192739
59.167.664/0001-92,1,,02,20250129,4781400,CE,1585,61922160,ALTO ALEGRE I,85,92420270
59.167.677/0001-61,1,,02,20250129,9700500,MG,5273,37470000,NOSSA SENHORA DE LOURDES,35,91933382
59.167.688/0001-41,1,,02,20250129,7319002,AM,0255,69058581,FLORES,92,93198458
59.167.702/0001-07,1,,02,20250129,9521500,RJ,5877,25635030,ALTO DA SERRA,24,22804092
59.167.712/0001-42,1,,08,20250129,4930201,SC,8183,88521370,GUARUJA,49,98146516
59.167.721/0001-33,1,OTTO PRIME LUX,02,20250129,4642701,BA,3965,45055200,FELICIA,77,99003163
59.167.732/0001-13,1,,02,20250129,8130300,MG,5155,33120430,ASTECA (SAO BENEDITO),31,91614623
59.167.745/0001-92,1,,08,20250129,7911200,MG,4671,37655000,CENTRO,35,84385126
59.167.753/0001-39,1,,02,20250129,4929901,PR,9915,85896000,VILA TOPAZIO,45,88231766
59.167.764/0001-19,1,,02,20250129,8599604,MS,9055,79940000,CAPITAO VIGARIO,67,91417816
45.087.433/0001-64,1,,08,20220131,8599604,SP,7107,01311927,BELA VISTA,51,97440272
59.167.787/0001-23,1,,08,20250129,4399199,MG,2685,38292000,SAO SEBASTIAO DO PONTAL,66,96132800
59.167.797/0001-69,1,,08,20250129,5229099,SP,7107,03570270,PARQUE SAVOY CITY,11,91962409
59.167.806/0001-11,1,KRYSNA BUTTNER NUTRICAO,08,20250129,8650002,RJ,6001,22631370,BARRA DA TIJUCA,21,65011995
58.544.667/0001-35,1,LIMPLUS NATAL,02,20241220,8121400,RN,1761,59082400,CAPIM MACIO,84,91298778
59.167.829/0001-26,1,,02,20250129,5611203,MG,4979,36847000,CENTRO,32,84993099
59.167.840/0001-96,1,,02,20250129,7319002,CE,1559,62050730,COHAB II,88,96791317
59.167.851/0001-76,1,HASKEL IMOVEIS,08,20250129,6822600,SP,7107,01311940,BELA VISTA,11,28920700
59.167.863/0001-09,1,AGRIDOCE,02,20250129,5611204,PR,7535,80510346,MERCÊS,41,31514113
59.167.873/0001-36,1,,02,20250129,4781400,SP,6167,17160009,CENTRO,14,82277189
59.167.884/0001-16,1,,08,20250129,8599699,MG,4625,35164273,CARAVELAS,31,82007079
59.167.897/0001-95,1,,02,20250129,4924800,PB,2221,58225000,CENTRO,83,87073779
59.167.907/0001-92,1,,08,20250129,5320201,PR,7435,83706010,CAPELA VELHA,41,96591059
59.169.214/0001-39,1,,02,20250129,4399199,GO,9433,75803150,VILA FATIMA,64,99586569
59.167.929/0001-52,1,,02,20250129,9700500,MG,5437,39730000,RECANTO DA SERRA,33,88676082
59.167.939/0001-98,1,,08,20250129,8599605,SP,6681,17512748,JARDIM NAZARETH,14,99694347
59.167.951/0001-00,1,BEN VIVER,02,20250129,4781400,MG,4553,35030440,LOURDES,33,87405003
59.167.961/0001-38,1,,02,20250106,8112500,RS,8801,91751000,CAVALHADA,51,32323088
59.167.975/0001-51,1,,02,20250129,7319002,SP,6949,19570000,TOME ROCHA,18,97782827
59.167.986/0001-31,1,,02,20250129,5611201,SP,7099,12230000,JARDIM SATELITE,12,99743051
59.167.996/0001-77,1,,08,20250129,5912099,MS,9051,79033180,MATA DO JACINTO,0,0
59.168.007/0001-60,1,,02,20250129,4752100,SP,6249,18608705,JARDIM YPE,14,99851923
59.168.019/0001-94,1,,02,20250129,5620104,AL,2785,57017690,BEBEDOURO,82,88036418
59.168.031/0001-07,1,,02,20250129,4520002,SP,6681,17509054,MARILIA,14,34221410
59.168.042/0001-89,1,,02,20250129,9602502,TO,9733,77001322,PLANO DIRETOR NORTE,63,92665011
59.168.053/0001-69,1,,08,20250129,5611201,PA,0595,68515000,ALTO BONITO,94,98144249
59.168.066/0001-38,1,,08,20250129,7319002,RJ,6001,20251190,SANTA TERESA,21,74229405
59.168.077/0001-18,1,,02,20250129,8712300,SE,3105,49089165,SOLEDADE,79,99839572
59.168.089/0001-42,1,LB SMART BROKERS,02,20250129,7490104,SP,6619,13211616,JARDIM NOVO MUNDO,16,41020025
59.168.099/0001-88,1,GIGA GAS,02,20250129,4784900,PR,7951,87550000,RURAL,44,97571394
51.064.256/0001-01,1,,08,20230615,5320202,CE,1389,60340085,JARDIM IRACEMA,85,88458316
59.168.121/0001-90,1,,08,20250129,5320201,SC,8047,89032300,PASSO MANSO,47,88848699
59.168.131/0001-25,1,,02,20250129,4789005,ES,5701,29132551,BOM PASTOR,27,98378640
59.168.143/0001-50,1,,02,20250129,8020002,SP,7107,03929070,JARDIM SAPOPEMBA,11,96588888
59.168.156/0001-29,1,TELEAUTO ADMINISTRACAO,02,20250129,8211300,MG,5343,35703221,SANTA FELICIDADE,31,98906757
03.827.168/0005-97,2,,02,20250117,4741500,SP,6579,13309083,VILA LEIS,19,38946112
59.168.175/0001-55,1,,02,20250129,5611203,RJ,6001,23032150,GUARATIBA,21,86023569
59.168.186/0001-35,1,,08,20250129,9602501,RJ,6001,23575381,SANTA CRUZ,21,33472638
59.168.199/0001-04,1,JK IMOBILIARIA,02,20250129,6810202,PI,1039,64230970,CENTRO,88,81729238
59.168.210/0001-36,1,RECOLHIMENTOS DE TAXAS LTDA,03,20250129,8291100,CE,1559,62031330,JOSE EUCLIDES,85,99698844
59.168.221/0001-16,1,,08,20250129,1412601,MG,4583,37484000,VISTA VERDE,35,97231706
59.168.233/0001-40,1,BARTH COMERCIAL,02,20250129,8599604,SC,8047,89037060,AGUA VERDE,47,99800978
58.037.347/0001-99,1,BEST OF YOU REAL STATE,08,20241108,6822600,SP,7107,04086902,INDIANÓPOLIS,11,62521553
59.168.253/0001-11,1,WHM,02,20250129,7020400,PR,5453,83322000,WEISSOPOLIS,41,98661218
59.168.265/0001-46,1,,02,20250129,8599699,RJ,6001,22210065,FLAMENGO,21,81059121
59.168.275/0001-81,1,,02,20250129,0151201,SP,7211,17449899,JACUTINGA,14,98501367
59.168.287/0001-06,1,,08,20250129,4399103,SP,7107,04855070,JARDIM BELCITO,11,55266629
59.168.298/0001-96,1,,02,20250129,8599605,RJ,5865,24110002,SANTANA,21,98355104
59.168.309/0001-38,1,,08,20250129,8130300,MG,4029,36660000,GOIABAL,32,91452250
59.168.320/0001-06,1,,02,20250129,4520002,BA,3685,42741110,PARQUE SAO PAULO,71,87499033
59.168.330/0001-33,1,,02,20250129,8219999,GO,9325,73850000,CENTRO,61,92365109
59.168.340/0001-79,1,PORTAL IPVA LTDA,01,20250129,6461100,CE,1559,62010180,CENTRO,62,89451451
59.168.354/0001-92,1,,02,20250129,5611201,AM,0255,69045830,PLANALTO,92,85973328
59.168.363/0001-83,1,,08,20250129,4929902,AM,0255,69067190,PETROPOLIS,92,84246880
59.168.375/0001-08,1,,02,20250129,4930202,BA,3573,45657200,TEOTONIO VILELA,79,81002879
59.168.386/0001-98,1,,08,20250129,4930202,PR,7657,83753028,OLARIA,42,98561436
59.168.399/0001-67,1,B GOMES CONSULTORIA LTDA,02,20250129,8211300,RJ,5813,28905000,CENTRO,22,21000000
59.168.409/0001-64,1,,02,20250129,1412601,SP,7155,14913594,PARQUE IMPERIAL,16,82024848
59.168.420/0001-24,1,,02,20250129,4321500,RS,7389,99340000,CENTRO,51,98428433
59.168.431/0001-04,1,,02,20250129,5912099,PR,7583,85035210,DOS ESTADOS,42,98064849
59.168.441/0001-40,1,,08,20250129,8599699,ES,5699,29175499,PARQUE JACARAIPE,27,96075577
59.168.453/0001-74,1,,02,20250129,9700500,SP,7263,14835000,CETRO,16,97970609
59.168.463/0001-00,1,,02,20250129,4321500,SP,7109,13524366,ALPES DAS AGUAS,19,97452253
59.168.474/0001-90,1,,02,20250129,4789004,PI,1219,64036729,PARQUE SUL,86,99533496
59.168.483/0001-80,1,,02,20250129,7112000,CE,1541,62150000,CENTRO,88,93404506
59.168.494/0001-60,1,,08,20250129,5229099,SP,7107,02976160,VILA ZAT,11,39541930
59.168.506/0001-57,1,PRIMATANELLI COMERCIO DE PERFIS E ACESSORIOS,02,20250129,4789099,SP,6213,06465030,JARDIM SANTA CECILIA,11,85449259
59.168.516/0001-92,1,,02,20250129,4929902,SP,6305,18301235,VILA BELA VISTA,15,99621016
59.168.528/0001-17,1,CEPROMEDIC IBATE,02,20250129,8630502,SP,6487,14815011,CENTRO,16,97514498
59.168.540/0001-21,1,,02,20250129,8219999,SP,7013,15951050,VILA FERREIRA,17,35712917
59.168.551/0001-01,1,SERRAGENS SAO FRANCISCO,02,20250129,4687702,PR,5455,83480000,CENTRO,41,99999999
59.168.562/0001-91,1,,02,20250129,8712300,SP,7107,05210070,RECANTO PARAISO,11,46424333
59.168.573/0001-71,1,,02,20250129,5612100,SP,6293,13238157,COLINAS DO PONTAL (BOTUJURU),11,30081992
59.168.582/0001-62,1,PRODUTIVIDADE AGRONEGOCIOS,02,20250129,4692300,AL,2705,57302600,CANAFÍSTULA,82,99733216
59.168.594/0001-97,1,,02,20250129,4520002,SP,7145,18051020,CENTRAL PARQUE SOROCABA,15,96337884
59.168.605/0001-39,1,,08,20250129,8599604,SP,6249,18609130,VILA DOS LAVRADORES,14,97964121
59.168.618/0001-08,1,,02,20250129,5912099,MT,9925,78464060,PARQUE DAS ARARAS,66,99256046
49.388.528/0001-79,1,ALIMEMPRO SERVICOS ADMINISTRATIVOS,08,20230130,8211300,CE,1389,60110535,JOAQUIM TAVORA,85,88218258
59.168.642/0001-47,1,,02,20250129,7319002,SP,6465,16700027,CENTRO,19,71260452
59.168.653/0001-27,1,MB LATICINIOS,02,20250129,4721103,RJ,6001,23031191,GUARATIBA,21,99889774
59.168.665/0001-51,1,HERANCA DO SABOR,02,20250129,4712100,RJ,6001,22775610,JACAREPAGUA,21,81721857
59.168.677/0001-86,1,,02,20250129,9700500,SC,8311,89291855,SERRA ALTA,47,99757825
59.168.688/0001-66,1,,02,20250129,1099699,RS,8653,95880000,BOA UNIAO,51,95699883
59.168.699/0001-46,1,,02,20250129,0161002,AL,2785,57075560,SANTOS DUMONT,82,94306283
59.168.710/0001-78,1,,08,20250129,9609208,PR,7511,85540000,MERCEDES,46,99312357
28.804.135/0003-90,2,PAINE ARTESANAL,02,20250129,1091102,CE,1389,60150160,CENTRO,85,32673566
59.168.731/0001-93,1,,02,20250129,9313100,CE,1337,63097000,DISTRITO ESTRELA,88,93825957
59.168.744/0001-62,1,,08,20250129,8219999,PR,7535,80610260,PORTAO,35,99060899
59.168.752/0001-09,1,AIK - FOOME LANCHES,02,20250129,5620104,SC,8143,88780000,SAMBAQUI,48,96054882
59.168.764/0001-33,1,,02,20250129,4322302,SP,7107,04853220,JARDIM NORONHA,11,11111111
59.168.774/0001-79,1,,08,20250129,5611205,SP,6927,19470000,JARDIM SANTA ROSA,18,97151859
59.168.784/0001-04,1,J SABA REPRESENTACOES DE PRODUTOS OPTICOS,02,20250129,4618499,BA,3515,44003474,OLHOS D'AGUA,75,88260006
59.168.794/0001-40,1,,02,20250129,4781400,MT,9129,78175000,CENTRO,65,99292532
59.168.805/0001-91,1,,02,20250129,3102100,SP,6477,07013121,VILA DAS PALMEIRAS,11,24559044
59.168.817/0001-16,1,,02,20250129,5320202,RS,8599,95012070,CINQUENTENARIO,54,91294130
59.168.828/0001-04,1,,02,20250129,9700500,BA,3391,46115260,OLHOS D' AGUA,77,98580723
59.168.842/0001-08,1,,08,20250129,7319002,PR,7535,80630320,GUAIRA,41,95061728
59.168.854/0001-24,1,,02,20250129,8599604,SP,7107,03505000,VILA ARICANDUVA,11,94209422
59.168.866/0001-59,1,R D MOTO PECAS,02,20250129,4541206,CE,1331,63140000,CENTRO,88,99427790
59.168.877/0001-39,1,,02,20250129,8020002,MG,4733,36035780,CENTRO,32,91372223
48.240.407/0001-12,1,,02,20221010,7731400,SE,3105,49045000,PONTO NOVO,79,91000769
59.168.897/0001-00,1,,02,20241029,8112500,RS,8713,97650000,CHACARA,55,84522805
59.168.908/0001-51,1,,02,20250129,9529106,RJ,5869,26083495,RODILANDIA,21,37668666
59.168.920/0001-66,1,,02,20250129,9700500,SP,6209,14780711,CELINA,17,88257985
59.168.933/0001-35,1,,08,20250129,8599604,SP,6689,09371624,PARQUE SAO VICENTE,11,48238195
59.168.943/0001-70,1,,02,20250129,4930202,RJ,5807,27347180,JARDIM AMERICA,24,98155056
59.168.954/0001-50,1,,02,20250129,7319002,RS,8879,96170000,ARTHUR KRAFT,53,91492802
59.168.964/0001-96,1,,02,20250129,6201501,MG,5191,37536018,CENTRO,11,64121602
59.168.974/0001-21,1,,02,20250129,5620104,SP,7099,12248616,JARDIM SAO JOSE LESTE,12,81189406
59.168.986/0001-56,1,PROVIGOR,08,20250129,9313100,BA,3901,48970000,CENTRO,74,74002332
59.168.996/0001-91,1,,02,20250129,4751201,MA,0769,65415000,JORDAO,99,85108384
59.169.007/0001-84,1,,02,20250129,9602502,MT,1032,78319000,CENTRO,65,99334175
51.545.617/0001-23,1,,02,20230725,4330404,SP,7091,14440000,CENTRO,16,93243411
59.169.027/0001-55,1,,02,20250129,9602501,RJ,5819,28110000,CAMPO DE AREIA,22,98805271
59.169.040/0001-04,1,IBN SINA SERVICOS MEDICOS,02,20250129,8630503,GO,9221,75053810,RESIDENCIAL ANA CAROLINE,34,97144740
59.169.051/0001-94,1,,02,20250129,8650006,RJ,6001,22763140,FREGUESIA (JACAREPAGUA),21,99776977
59.169.064/0001-63,1,ASSAHI GASTRONOMIA ORIENTAL & EVENTOS,02,20250129,8230001,PR,7437,86220000,CENTRO,11,91489017
59.169.076/0001-98,1,,02,20250129,9001906,AL,2785,57010796,TRAPICHE DA BARRA,82,88694080
59.169.088/0001-12,1,,02,20250129,4781400,PI,1219,64076418,EXTREMA,86,88698992
59.169.099/0001-00,1,,08,20250129,8299799,PR,7943,84950000,VILA VELHA,43,98324234
59.169.113/0001-68,1,****,02,20250129,6810202,SP,7107,03336000,VILA REGENTE FEIJO,11,20982440
59.169.123/0001-01,1,,08,20250129,5212500,RJ,6001,20950220,SAMPAIO,21,91693843
59.169.132/0001-94,1,,02,20250129,8219999,SP,6569,13253103,CIDADE JARDIM,11,42804071
59.169.142/0001-20,1,EXATAMED COMERCIO E REPRESENTACOES DE PRODUTOS MEDICO H,02,20250129,4618402,AM,0255,69084463,ZUMBI DOS PALMARES,92,92262527
59.169.154/0001-54,1,,02,20250129,8219999,SC,8039,88338280,NACOES,47,88340240
59.169.165/0001-34,1,,02,20250129,5611205,ES,5681,29980000,ZONA RURAL,27,99885102
52.168.461/0001-71,1,,02,20230913,1096100,PE,2549,55195845,BELA VISTA,81,92795240
57.773.621/0002-06,2,,04,20250129,4752100,SP,6285,07750020,EMPRESARIAL COLINA,13,96361539
59.169.194/0001-04,1,BOQUITA FRAGA,02,20250129,5611204,BA,3515,44053114,CIDADE NOVA,75,32214542
59.169.205/0001-48,1,,08,20250129,3299099,MG,4479,36555000,SAO PEDRO,32,99847753
59.169.212/0001-40,1,,02,20250129,4543900,PB,2155,58398000,CENTRO,83,33641265
59.169.223/0001-20,1,,08,20250129,4744099,PA,0439,68840000,CENTRO,91,84066836
59.169.233/0001-65,1,,02,20250129,4789004,MG,4985,33250220,OLARIA,31,36811230
59.169.246/0001-34,1,,08,20250129,1422300,SP,6717,13803844,PARQUE REAL II,19,88868754
59.169.259/0001-03,1,,02,20250129,4930201,MG,5155,33125280,SAO BENEDITO,31,97517020
59.169.267/0001-50,1,,02,20250129,4923002,AM,0255,69046590,ALVORADA,92,92386021
59.169.278/0001-30,1,LP PSICOLOGIA,02,20250129,8650003,PR,7667,86050460,GLEBA FAZENDA PALHANO,43,91594143
59.169.289/0001-10,1,,02,20250129,9511800,MA,0889,65123226,PARQUE VITORIA,98,84071490
59.169.299/0001-55,1,,02,20250129,4724500,SP,6477,07210380,VILA ALZIRA,11,94125007
59.169.311/0001-21,1,,08,20250129,4781400,RJ,6001,21920630,TAUA,21,95938570
59.169.321/0001-67,1,,02,20250129,1359600,SP,6425,14401356,SANTO AGOSTINHO,16,99998995
50.970.481/0001-36,1,AGRO FORTE & RURAL FERTIL,08,20230607,4644302,MS,9147,79480000,CENTRO,67,96111786
59.169.343/0001-27,1,,08,20250129,4789099,RS,8511,94828500,MARIA REGINA,51,99026211
59.169.351/0001-73,1,,02,20250129,8219999,RJ,6001,22430100,LEBLON,21,87317333
59.169.361/0001-09,1,,02,20250129,4772500,SP,6477,07196200,JARDIM BOM CLIMA,11,99692080
59.169.372/0001-99,1,,02,20250129,8599699,MG,5115,36180000,JARDIM AMERICA,32,98042994
59.169.384/0001-13,1,,02,20250129,7319002,GO,9373,74280240,NOVA SUICA,66,98116569
59.169.397/0001-92,1,MENDESLEAL,02,20250129,4751201,DF,9701,73030030,SOBRADINHO,48,91389424
59.169.407/0001-90,1,,02,20250129,4753900,PE,2337,55660000,ROSARIO,81,97058117
59.169.419/0001-14,1,,02,20250129,4744099,RJ,2909,26155100,NOVA AURORA,21,99999999
59.169.431/0001-29,1,MARMORARIA CRISTAL,02,20250129,4744006,BA,3741,45930000,JARDIM DAS TARTARUGAS,33,30381919
59.169.443/0001-53,1,,02,20250129,9602501,SP,2965,11259219,CHACARAS,13,97825358
59.169.453/0001-99,1,,08,20250129,9609299,SP,6547,18209600,VILA MAZZEI,15,99755757
59.169.464/0001-79,1,,08,20250129,4930201,RJ,6001,20950220,SAMPAIO,21,91693843
54.172.018/0001-08,1,RMM NEGOCIOS IMOBILIARIOS,02,20240304,6821801,SC,8039,88330526,CENTRO,47,88277718
59.169.484/0001-40,1,TAI LAGO NORTE,02,20250129,9313100,DF,9701,71503507,SETOR DE HABITACOES INDIVIDUAIS NORTE,61,96083335
59.169.496/0001-74,1,,02,20250129,4930202,SP,7017,13456555,VILA MOLLON IV,19,71301994
59.169.507/0001-16,1,,02,20250129,4781400,RJ,5867,28620340,OLARIA,22,92267438
59.169.518/0001-04,1,,08,20250129,8599604,SP,7145,18016280,PARQUE TRES MENINOS,15,91696213
59.169.526/0001-42,1,A OBRA,02,20250129,4120400,SC,8105,88058467,INGLESES,48,96911160
59.169.535/0001-33,1,PAGAMENTOS FINANCEIRO TAM,01,20250129,4751201,CE,1319,61700000,PORTO DAS DUNAS,33,87494594
59.169.545/0001-79,1,,08,20250129,4772500,SP,7097,15047339,RESIDENCIAL BOM SUCESSO,17,32374547
59.169.556/0001-59,1,,08,20250129,6821802,SC,8267,89400000,SAO FRANCISCO,00,11111111
59.169.568/0001-83,1,VF INVESTIMENTOS,02,20250129,7490104,AL,2785,57020110,CENTRO,82,21400924
59.169.578/0001-19,1,,02,20250129,8650005,RJ,6001,21555260,MARECHAL HERMES,21,94955351
59.169.590/0001-23,1,,02,20250129,7911200,SP,7107,03116000,MOOCA,11,81576223
59.169.601/0001-75,1,,02,20250129,9602502,RJ,6001,20710020,MEIER,21,0
59.169.613/0001-08,1,,02,20250129,1822901,RJ,6001,21833150,SENADOR CAMARA,21,81421198
59.169.624/0001-80,1,,02,20250129,5611203,PE,2531,52081550,VASCO DA GAMA,81,93135570
59.169.634/0001-15,1,,08,20250129,4744099,ES,5697,29940718,NOVO HORIZONTE,27,98966691
59.169.644/0001-50,1,,02,20250129,8129000,SP,7273,06738488,CASABLANCA,11,42429652
59.169.655/0001-30,1,,02,20250129,7319002,SC,8113,88495000,SIRIU,48,92219003
54.857.050/0001-19,1,,02,20240423,4772500,SP,6291,13064630,PARQUE SANTA BARBARA,19,94915129
59.169.677/0001-09,1,,02,20250129,3101200,ES,5615,29730000,SAPUCAIA,27,97555942
59.169.687/0001-36,1,,02,20250129,5320201,BA,3685,42702740,CENTRO,71,33781851
59.169.697/0001-71,1,SUITES DO CABO,02,20250129,5590601,RJ,5927,28930000,CANAA,22,71840783
59.169.708/0001-13,1,IOCROP CONSULTORIA E PERICIA AGRICOLA,02,20250129,7490103,RS,8781,98280000,CENTRO,55,99683300
59.169.719/0001-01,1,,02,20250129,8219999,SP,6377,09910630,CENTRO,11,81046426
59.169.731/0001-08,1,,02,20250129,8130300,MG,4733,36030560,JARDIM DE ALA,32,98488473
59.169.742/0001-98,1,VELOX BRASIL SOLUCOES,02,20250129,8291100,MG,4123,30770280,CAICARA ADELAIDE,31,32218005
59.169.753/0001-78,1,,02,20250129,6911701,PR,7535,80220061,PAROLIN,41,91685047
59.169.764/0001-58,1,,02,20250129,5611203,MG,4959,38700248,CRISTO REDENTOR,34,84006611
59.169.775/0001-38,1,,02,20250129,4930202,PE,2631,53545585,CAETES III,81,96073381
56.300.704/0001-34,1,JUVARE CONTABILIDADE,02,20240806,6920601,PB,2051,58075427,ERNESTO GEISEL,83,91889887
59.169.796/0001-53,1,CAPP INTELIGENCIA DE NEGOCIOS,08,20250129,7319002,RS,8801,90540000,MOINHOS VENTO,51,96095737
59.169.808/0001-40,1,,02,20250129,7319002,MG,4625,35162544,VILA CELESTE,31,88864706
59.169.818/0001-85,1,,08,20250129,8599604,RJ,6001,20730320,ENGENHO DE DENTRO,21,37383873
57.127.774/0001-03,1,,02,20240903,4930202,MA,0733,65590000,CARNAUBAL,98,84082093
59.169.840/0001-25,1,,02,20250129,4752100,MG,4985,33250090,CENTRO,31,98304753
59.169.852/0001-50,1,,02,20250129,3321000,SP,6361,06722200,PAISAGEM CASA GRANDE,11,57056595
48.132.057/0001-70,1,,02,20220929,9001901,RJ,6001,20560130,VILA ISABEL,21,25679439
59.169.875/0001-64,1,,02,20250129,5590699,MG,4291,37245000,SERRA GRANDE,35,99875577
80.703.473/0008-60,2,CHACARA VINICIUS,08,20231205,4771704,PR,7923,84300000,BARRA MANSA,42,32761261
59.169.893/0001-46,1,TSP CORRETORA E SOLUCOES ADMINISTRATIVAS,02,20250129,6821801,RJ,6001,20260142,TIJUCA,21,30139898
59.169.905/0001-32,1,,02,20250129,5320201,AL,2705,57305340,BAIXAO,82,81020112
59.169.916/0001-12,1,,02,20250129,9602502,MG,5371,39800015,CENTRO,33,98088288
59.169.926/0001-58,1,,08,20250129,4923002,PE,2631,53560175,JARDIM CAETES,81,93249257
59.169.936/0001-93,1,,02,20250129,4930201,RO,0013,76982038,BELA VISTA,69,84856440
59.169.947/0001-73,1,,02,20250129,5912099,PE,2619,55270000,CENTRO,87,98809387
59.169.959/0001-06,1,JF PADUA EMAGRECIMENTO E ESTETICA,02,20250129,9602502,DF,9701,70340000,ASA SUL,61,96405599
59.169.971/0001-02,1,,02,20250129,4330404,RJ,5877,25730204,BONSUCESSO,24,22421508
59.169.983/0001-37,1,,02,20250129,4781400,BA,3653,45345000,ARCO IRIS,73,88068913
59.169.994/0001-17,1,,02,20250129,5819100,PE,2531,52081203,VASCO DA GAMA,81,98746151
59.170.008/0001-49,1,,02,20250129,4789001,PB,2117,58706567,SALGADINHO,83,98188042
59.170.018/0001-84,1,,08,20250129,8219999,SP,7057,09240130,JARDIM SANTO ANTONIO,11,57616735
54.438.573/0003-92,2,MS CONNECT - PLAZA D'ORO,02,20250129,4752100,GO,9373,74367640,RES ELDORADO,65,30298400
08.700.539/0026-13,2,,02,20250129,0113000,SP,6847,16309899,AREA RURAL DE PENAPOLIS,18,36522004
59.170.046/0001-00,1,,08,20250129,5229099,SP,7099,12234270,JARDIM COLONIAL,12,82399168
59.170.056/0001-37,1,,02,20250129,8219999,SP,7157,06786070,JARDIM SAO JUDAS TADEU,11,93711939
59.170.065/0001-28,1,SG SERVICOS DE PSICOLOGIA,02,20250129,8650003,RJ,5823,28640000,CENTRO,22,81289242
59.170.077/0001-52,1,,08,20250129,8219999,RJ,5867,28610430,CENTRO,22,92310441
59.170.086/0001-43,1,BOTECO PRAIA BRAVA RJ 14,02,20250129,5611201,RJ,5851,23860000,PRAIA BRAVA,21,85252138
59.170.099/0001-12,1,,02,20250129,5611204,MG,4123,31210420,BONFIM,31,38898020
59.170.110/0001-44,1,,02,20250129,8219999,SP,6251,12929790,BAIRRO DOS CARDOSO,11,97508508
59.170.120/0001-80,1,,02,20250129,3832700,PE,2459,55180000,JATOBAZINHO,81,81735451
59.170.132/0001-04,1,,02,20250129,4724500,SP,6415,08506230,VILA SAO PAULO,11,46393705
59.170.146/0001-28,1,,02,20250129,4321500,ES,5697,29946210,GURIRI NORTE,27,97226282
59.170.156/0001-63,1,,02,20250129,9609206,MS,9131,79904162,BAIRRO DA SAUDADE,67,96011360
59.170.168/0001-98,1,,02,20250129,4530703,CE,1389,60878045,PEDRAS,85,92536872
59.170.178/0001-23,1,,02,20250129,4619200,SC,8379,89566066,PANAZZOLO,49,99837013
59.170.192/0001-27,1,TRANSPORTADORA DIAS FERREIRA,02,20250129,4930202,GO,9403,76630000,VILA LEONOR,62,33754720
59.170.202/0001-24,1,,08,20250129,8599699,PR,7815,86490000,CENTRO,43,99321253
59.170.213/0001-04,1,,02,20250129,4520006,SC,8055,88351400,SAO LUIZ,47,96398537
59.170.224/0001-94,1,,08,20250129,4723700,MS,9015,79770000,CENTRO,67,96138814
49.542.096/0001-09,1,,02,20230209,4724500,RJ,5907,25884000,VILA DO PIAO,24,93276232
59.170.246/0001-54,1,,02,20250129,9001902,PB,2051,58040660,TORRE,83,96449846
59.170.256/0001-90,1,USELI SEMIJOIAS,08,20250129,4783101,RJ,5819,28010561,CENTRO,21,66773689
59.170.268/0001-14,1,,02,20250129,8011102,SP,6475,11421090,GUAIUBA,13,78999975
59.170.279/0001-02,1,,08,20250129,5229099,RJ,2913,26425350,VILA CENTRAL,21,75673903
59.170.291/0001-09,1,GOLD ESTETICA AUTOMOTIVA,02,20250129,4520005,PA,0545,68380000,SAO JOSE,94,81640193
59.170.301/0001-06,1,CASA DE REPOUSO VOVO ALDA,02,20250129,8711502,ES,5703,29100535,OLARIA,27,99844687
59.170.312/0001-96,1,,02,20250129,9602501,SP,7107,04176070,JARDIM VERGUEIRO (SACOMA),11,25980568
59.170.323/0001-76,1,JURASSIC PIZZA,02,20250129,5620104,PB,2051,58038340,MANAÍRA,83,91405005
59.170.335/0001-09,1,,02,20250129,4789099,RN,1761,59065100,CANDELARIA,84,94079602
59.170.346/0001-80,1,,02,20250129,4721102,SP,7107,03983000,PARQUE SANTA MADALENA,33,75098389
59.170.355/0001-71,1,,02,20250129,4751201,MG,4961,38740318,SANTO ANTONIO,34,92940560
59.170.366/0001-51,1,,02,20250129,5611203,ES,5699,29166078,BARCELONA,27,99602728
59.170.378/0001-86,1,,02,20250129,5320201,SP,6477,07082210,JARDIM MOREIRA,11,76127380
59.170.389/0001-66,1,,02,20250129,2542000,MG,4371,32041690,LINDA VISTA,31,71902425
59.170.400/0001-98,1,,02,20250129,9602502,MG,4957,37904350,CALIFORNIA,35,98143438
59.170.410/0001-23,1,,02,20250129,4785799,MG,4123,31585060,CEU AZUL,31,93191513
59.170.422/0001-58,1,,02,20250129,4781400,SP,7075,09850730,ALVARENGA,11,43571268
59.170.434/0001-82,1,,02,20250129,4930201,PR,7563,85859440,PORTAL,45,84163805
59.170.445/0001-62,1,,02,20250129,4520002,SP,6163,14807044,VILA MELHADO,16,81043294
59.170.458/0001-31,1,,02,20250129,8599699,MT,0099,78613000,CENTRO,66,96550857
59.170.469/0001-11,1,,02,20250129,8211300,RS,8815,96216100,PARQUE RESIDENCIAL JARDIM DO SOL,47,91709595
49.000.602/0001-38,1,,02,20221229,2542000,SP,6529,13496026,JARDIM SANTA RITA,19,89027285
59.170.490/0001-17,1,,02,20250129,4520001,SP,7073,12490000,MONJOLINHO,12,96276064
59.170.503/0001-58,1,,02,20250129,4783101,SP,6177,07411365,CIDADE NOVA ARUJA,21,24566822
59.170.515/0001-82,1,,02,20250129,2599399,MG,5403,38413295,CHACARAS TUBALINA E QUARTEL,34,97664926
59.170.526/0001-62,1,,02,20250129,7500100,SC,8105,88075544,BALNEARIO,48,91276328
59.170.537/0001-42,1,,02,20250129,8219999,MG,4669,35550000,BELA VISTA,37,99293144
59.170.545/0001-99,1,,02,20250129,8599699,MS,9051,79105430,JARDIM CARIOCA,67,92348548
59.170.558/0001-68,1,,02,20250129,0161003,SP,6789,06145040,CONCEICAO,11,51581267
59.170.567/0001-59,1,NOUS BIKE,02,20250129,9313100,MT,9067,78045430,POPULAR,65,92843846
59.170.578/0001-39,1,,02,20250129,4923002,SP,2951,13187156,JARDIM SAO SEBASTIAO,19,81535389
59.170.590/0001-43,1,SAN CONSULTORIA E SERVICOS,02,20250129,6311900,GO,9373,74140110,SET OESTE,62,40187600
59.170.602/0001-30,1,,02,20250129,4321500,SC,8245,88385000,SAO CRISTOVAO,47,92348319
59.170.614/0001-64,1,,02,20250129,9602502,RS,8537,92870000,CENTRO,51,95188203
59.170.624/0001-08,1,,08,20250129,1091102,SP,7107,03563070,VILA NHOCUNE,11,89761025
59.170.636/0001-24,1,,02,20250129,6911701,RS,8721,96300000,CENTRO,53,99079577
59.170.648/0001-59,1,,02,20250129,6911701,BA,3515,44001205,CENTRO,75,99609058
59.170.660/0001-63,1,JCF CONTABILIDADE,02,20250129,6920601,RJ,2909,26140310,HELIOPOLIS,21,26613507
59.170.671/0001-43,1,,08,20250129,7319002,PR,7563,85870760,CIDADE NOVA,45,99944955
44.096.740/0001-49,1,,08,20211102,5620104,PA,0571,68557508,SETOR MARAJOARA II,94,99927176
59.155.262/0001-78,1,,02,20250128,1096100,PE,2381,55024820,INDIANOPOLIS,81,99681387
59.170.702/0001-66,1,,02,20250129,4399103,SC,8367,88705840,RECIFE,48,98341361
54.159.111/0001-74,1,AEB CONSULTORIA,02,20240302,8599604,RJ,6001,20251410,SANTA TERESA,21,96059573
51.741.756/0001-22,1,,02,20230809,4729699,DF,9701,71215271,ZONA INDUSTRIAL (GUARA),61,82570130
59.170.732/0001-72,1,,08,20250129,8630503,PE,2491,53030120,BAIRRO NOVO,81,88856186
59.170.744/0001-05,1,SORRISO & SAUDE,02,20250129,8630504,RO,0015,76890000,SETOR 05,69,35212069
59.170.755/0001-87,1,RCTECH ENGENHARIA,08,20250129,7112000,CE,0991,61885476,ANCURI,85,96354990
59.170.766/0001-67,1,,02,20250129,5320202,SC,8089,88812859,LINHA BATISTA,48,84739659
59.170.775/0001-58,1,,02,20250129,4110700,RS,8587,96600000,TEIXEIRAS,53,99261604
59.170.786/0001-38,1,,01,20250129,5232000,CE,1559,62010180,CENTRO,85,84747434
59.170.796/0001-73,1,,08,20250129,9602502,RJ,5877,25750222,PEDRO DO RIO,24,22377287
59.170.806/0001-70,1,,02,20250129,8650003,CE,1389,60060320,PRAIA DE IRACEMA,85,97161433
59.170.816/0001-06,1,TRIHERA SAUDE,02,20250129,8610101,PI,1219,64045580,SÃO JOÃO,86,88083300
50.667.968/0001-44,1,,04,20230515,4781400,PR,7431,87260000,JARDIM ESPERANCA,44,99493502
59.170.836/0001-87,1,,02,20250129,4729699,SP,7107,02084010,VILA ISOLINA MAZZEI,11,59602266
59.170.848/0001-01,1,GENSTART,02,20250129,8211300,SP,7075,09750730,CENTRO,11,13096354
45.608.705/0001-24,1,,04,20220310,4763603,PB,2051,58064270,VALENTINA DE FIGUEIREDO,83,00000000
59.170.870/0001-51,1,,08,20250129,5320201,SP,6663,15270000,JARDIM FLORENCA,17,38740000
59.170.881/0001-31,1,EFATA ELOHIM E - ECOMMERCE,02,20250129,4755502,SP,6619,13209220,JARDIM MORUMBI,11,36444211
59.170.890/0001-22,1,,08,20250129,0151201,SP,7059,14390000,SITIO BOA ESPERANCA,16,91325900
50.341.103/0001-93,1,ALVES MOTO PECAS,04,20230417,4541206,CE,1447,63034115,PIRAJA,88,99498930
59.170.907/0001-41,1,,02,20250129,7319002,AP,0605,68907450,RENASCER,62,99439416
59.170.918/0001-21,1,,08,20250129,5620102,RS,8801,91520001,VILA SAO JOSE,51,98601066
50.190.972/0001-64,1,,02,20230403,4781400,MG,5403,38414387,LUIZOTE DE FREITAS,34,91735520
59.170.939/0001-47,1,,02,20250129,4923002,SP,7183,12092783,JARDIM CONTINENTAL,12,91338802
59.170.949/0001-82,1,YASMIN ASSUNCAO BIOMEDICA ESTETA,02,20250129,9602502,GO,1052,72915006,JARDIM BRASÍLIA,61,95063973
59.170.960/0001-42,1,,02,20241031,9491000,SP,6953,11900000,AGROCHA,13,96890636
49.231.778/0002-81,2,,08,20230123,5620103,PR,7565,85601680,VILA NOVA,45,99823625
59.170.982/0001-02,1,,02,20250129,4782201,MG,5285,37928000,BELVEDERE,37,34333076
59.170.992/0001-48,1,,08,20250129,8712300,TO,9733,77025145,PLANO DIRETOR SUL,63,92956362
59.171.004/0001-85,1,IMPERIUM MARCENARIA,02,20250129,3101200,SP,7057,09241001,PARQUE DAS NACOES,11,47094029
59.171.015/0001-65,1,,02,20250129,8650003,SC,8179,89204250,AMERICA,47,97620637
59.171.029/0001-89,1,,02,20250129,8599699,GO,9423,75450000,SETOR PADRE ELIGIO,62,93640421
59.171.042/0001-38,1,,02,20250129,4724500,SP,6251,12922590,CIDADE PLANEJADA II,11,97400128
59.171.051/0001-29,1,,02,20250129,4789004,SP,7221,15852346,RESIDENCIAL URUPES II,17,81673566
59.171.063/0001-53,1,RESTAURANTE CANAA,02,20250129,5611201,PR,7511,85540000,CENTRO,46,99413581
59.171.076/0001-22,1,,02,20250129,4781400,BA,3467,48730000,POVOADO GANGORRA 2,75,92780794
59.171.087/0001-02,1,MALUZA BURGUER,02,20250129,5611203,PR,7469,86390000,JD. NOVA AMÉRICA,43,91758549
59.171.098/0001-92,1,,02,20250129,4743100,BA,3515,44033001,CAMPO LIMPO,75,91897946
59.171.111/0001-03,1,,08,20250129,4930202,ES,5709,29395000,CENTRO,28,99566476
59.171.122/0001-93,1,,08,20250129,4763601,SP,6979,13505369,JARDIM CHERVESON,19,97403596
59.171.134/0001-18,1,INFINNITYTRADE,08,20250129,7319002,GO,9625,75386518,SETOR RESIDENCIAL GARAVELO I,91,91104470
59.171.147/0001-97,1,CONCRETA INCORPORADORA E CONSTRUTORA,02,20250129,4399103,RJ,5813,28911290,PALMEIRAS,22,92452745
59.171.156/0001-88,1,,02,20250129,7319002,SP,7107,01514000,LIBERDADE,11,60612306
59.171.169/0001-57,1,,02,20250129,8230001,SP,7107,03613030,VILA SANTANA,11,46298978
59.171.182/0001-06,1,,02,20250129,6204000,SP,6681,17526748,VEREADOR EDUARDO ANDRADE REIS,14,96927717
59.171.192/0001-41,1,,02,20250129,4330405,SP,7107,05789000,PIRAJUSSARA,11,68813688
59.171.202/0001-49,1,,02,20250129,7020400,CE,1389,60822170,CAMBEBA,85,32252655
59.171.214/0001-73,1,,08,20250129,5229099,RJ,6001,20973011,BENFICA,21,25892366
59.171.226/0001-06,1,,02,20250129,8219999,PR,7751,85503210,AEROPORTO,46,91012996
59.171.236/0001-33,1,,08,20250129,5320202,PA,0427,66120310,SACRAMENTA,91,99062004
59.171.246/0001-79,1,,08,20250129,5620104,SP,7057,09170330,JARDIM IRENE,11,40475846
59.171.258/0001-01,1,,02,20250129,2539001,PR,5453,83330210,JARDIM AMELIA,41,99163375
59.171.269/0001-83,1,BRASITECH CONSULTORIA,08,20250129,7020400,RJ,6001,20090050,CENTRO,21,40098767
59.171.282/0001-32,1,,08,20250129,4755502,SP,7107,04661100,JARDIM UMUARAMA,21,95207200
59.171.291/0001-23,1,,02,20250129,8219999,SP,6979,13504648,JARDIM PANORAMA,11,36448674
59.171.301/0001-20,1,INNOVMORE,02,20250129,7020400,SC,8105,88063400,CAMPECHE,11,38544000
59.171.313/0001-55,1,,02,20250129,4761003,SP,6477,07270400,VILA SAO GABRIEL,11,69574424
59.171.325/0001-80,1,,02,20250129,5611201,BA,3849,41830100,PITUBA,71,99181599
59.171.338/0001-59,1,,02,20250129,4520001,RO,0003,76810550,CIDADE NOVA,69,92154709
59.171.347/0001-40,1,,02,20250129,5211799,SP,6377,09932160,TABOAO,11,50760321
59.171.357/0001-85,1,,08,20250129,4785799,SP,6291,13088645,JARDIM SANTANA,19,99389494
59.171.367/0001-10,1,COMERCIAL REDES CARIRI,02,20250129,3299099,CE,1385,63102230,VILA LOBO,88,94418685
59.171.378/0001-09,1,,08,20250129,4930201,PR,7513,83408515,MARACANA,41,96765785
59.171.391/0001-50,1,,02,20250129,8599699,SP,7107,05813040,JARDIM SAO LUIS,11,41066013
59.171.402/0001-00,1,,02,20250129,4399103,SP,6291,13059641,CIDADE SATELITE IRIS,19,94368227
59.171.414/0001-26,1,,02,20250129,4399103,SP,6635,13610239,CENTRO,19,88362785
45.604.427/0001-37,1,FIL INFORMATICA,02,20220310,2621300,BA,3849,41770395,STIEP,71,30177657
59.171.435/0001-41,1,ESPACO LG,02,20250129,8650004,RJ,6001,20520052,TIJUCA,41,98130414
59.171.445/0001-87,1,,08,20250129,8599604,SP,7107,02913040,PIQUERI,11,71872391
59.171.457/0001-01,1,,02,20250129,4721103,BA,3283,46875000,CENTRO,75,83213523
59.171.467/0001-47,1,MAZZ MKT DIGITAL,02,20250129,5912099,RS,8801,91360001,VILA IPIRANGA,51,84819575
59.171.476/0001-38,1,,02,20250129,4330404,RO,0011,76970000,SERINGAL,69,99831473
59.171.485/0001-29,1,MS DISTRIBUICOES,02,20250129,4772500,PB,1937,58110435,BRASILIA,83,98661988
59.171.497/0001-53,1,,08,20250129,8211300,SP,7107,04711130,VILA SAO FRANCISCO (ZONA SUL),11,99999999
59.171.508/0001-03,1,,08,20250129,7319002,SP,7181,18277708,ENXOVIA,15,32592125
59.171.522/0001-07,1,,02,20250129,6810201,SP,7107,02010000,SANTANA,11,47889580
59.171.532/0001-34,1,,02,20250129,4930204,MG,4791,35293116,JARDINS,33,99999999
59.171.545/0001-03,1,,02,20250129,5611201,PE,2357,54515190,COHAB,81,87708974
59.171.556/0001-93,1,,02,20250129,2349499,SP,6125,19160049,CENTRO,18,81733338
55.982.646/0001-03,1,PLOTASUL,02,20240718,8299799,SC,8083,89710016,FLORESTA,49,91166008
59.171.573/0001-20,1,,02,20250129,5620104,SC,8311,89280064,CENTRO,47,99403840
59.171.584/0001-00,1,,02,20250129,4759899,SC,8289,89121000,DIVINEIA,47,91311596
59.171.594/0001-46,1,,08,20250129,4781400,RS,8929,95860000,SAO JOAO,51,92476436
59.171.607/0001-87,1,,02,20250129,4789001,PI,1199,64760000,CENTRO,89,94047417
59.171.620/0001-36,1,,08,20250129,8020002,SP,6403,06910350,SANTA ISABEL,11,91570837
59.171.631/0001-16,1,,08,20250129,1091102,SP,7157,06785280,JARDIM SANTO ONOFRE,11,17359659
59.171.640/0001-07,1,,08,20250129,9602502,MS,9051,79073204,MORADA DO SOL,67,93026110
59.171.653/0001-86,1,,02,20250129,8592999,SP,6953,11900000,VILA SAO FRANCISCO,13,97274198
59.171.664/0001-66,1,,02,20250129,4789001,MT,9067,78085100,COOPHEMA,65,93260111
59.171.672/0001-02,1,,02,20250129,8599604,BA,3433,45157000,CENTRO,77,81319300
59.171.684/0001-37,1,,02,20250129,9602501,MG,4123,31320090,OURO PRETO,31,89346209
59.171.696/0001-61,1,,08,20250129,1529700,RS,8789,98270000,CENTRO,55,91777148
59.171.706/0001-69,1,,02,20250129,4330403,SP,6219,17013260,VILA CARDIA,14,38791312
59.171.717/0001-49,1,,02,20250129,4729699,MG,4521,35573048,ALTO DA PRAIA,37,99314647
59.171.727/0001-84,1,ESTUDIO DEBORA SOUZA,02,20250129,9313100,MG,4123,30520250,CAMARGOS,31,82469634
59.171.738/0001-64,1,,02,20250129,4752100,BA,3663,48540000,CENTRO,75,92220649
59.171.749/0001-44,1,,08,20250129,9602501,SP,6131,13469140,VILA AMORIM,19,36290245
59.171.760/0001-04,1,,02,20250129,5611203,MG,4123,30850540,CONJUNTO CALIFORNIA,31,96370848
59.171.773/0001-83,1,,08,20250129,5320201,SP,7063,13995000,CENTRO,19,99477770
59.171.783/0001-19,1,,02,20250129,5620104,BA,3805,48120000,STAR,71,36455246
55.255.588/0001-16,1,SEVEN GESTAO E EMPREENDIMENTOS,02,20240523,6821801,PE,2521,56328020,CIDADE UNIVERSITARIA,74,88074857
59.171.805/0001-40,1,,02,20250129,4930204,SC,8105,88040446,CARVOEIRA,48,96003614
59.171.815/0001-86,1,,02,20250129,9603304,RJ,5897,24473181,ITAOCA,21,68216157
59.171.825/0001-11,1,,02,20250129,5912099,MA,0803,65903030,ENTRONCAMENTO,99,91195655
59.171.839/0001-35,1,,02,20250129,9602501,RJ,5919,25821080,TRIANGULO,24,99069473
59.171.853/0001-39,1,,02,20250129,8599699,SP,7107,04552000,VILA OLIMPIA,18,38512001
59.171.863/0001-74,1,,02,20250129,9529105,RJ,6001,20960110,ROCHA,21,92463955
59.171.875/0001-07,1,,02,20250129,4321500,SC,8327,88113280,AREIAS,48,84778039
59.171.886/0001-89,1,,02,20250129,8599603,SP,6413,15940000,CENTRO,16,96432384
59.171.898/0001-03,1,,02,20250129,7319002,MS,9141,79180000,BAIRRO ESTORIL,67,98188291
59.171.908/0001-00,1,,02,20250129,4781400,PI,1123,64130000,CENTRO,86,94813504
59.171.920/0001-15,1,MOVINCOM,02,20250129,7311400,RS,8841,97010041,CENTRO,55,81530790
59.171.932/0001-40,1,,02,20250129,7319002,MG,5241,38800000,NOSSA SENHORA DE FATIMA,34,97310650
59.171.944/0001-74,1,,02,20250120,6911701,RN,0432,59808000,CAMARAO,84,87860009
59.171.953/0001-65,1,,08,20250129,5320201,SP,6425,14403294,RECANTO ELIMAR,16,84331874
59.171.964/0001-45,1,,02,20250129,9601701,SP,7151,08673000,PARQUE SUZANO,11,73994892
57.046.429/0001-37,1,IMPLAC ENGENHARIA,02,20240828,6810201,AL,2785,57036330,JATIÚCA,82,81052808
53.178.890/0001-92,1,DCT CONSULTING GROUP,02,20231212,1830003,SP,7107,04543011,VILA NOVA CONCEICAO,19,34561887
59.171.995/0001-04,1,CLINICA ODONTOLOGICA PAULA QUEIROZ,02,20250129,8630504,PR,7505,87200278,ZONA 01,44,98786144
59.172.005/0001-44,1,,02,20250129,5320201,RS,8841,97090360,PRESIDENTE JOAO GOULART,55,91713882
59.172.019/0001-68,1,,02,20250129,8219999,GO,9221,75110753,JUNDIAI,62,91037878
59.172.030/0001-28,1,,08,20250129,8599604,SC,5545,88745000,CACADOR,48,99545920
55.853.661/0001-51,1,,08,20240709,8130300,PR,0842,83535000,LAGOA DA PEDRA,41,88598357
59.172.051/0001-43,1,,02,20250129,8650004,RS,8901,93214150,VACCHI,51,93950554
59.172.062/0001-23,1,STUDIO DARLEN VASCONCELOS,02,20250129,8650004,AL,2763,57280000,CENTRO,79,91462256
59.172.075/0001-00,1,,02,20250129,6911701,BA,3849,40110170,CANELA,11,87550700
59.172.087/0001-27,1,,08,20250129,9602501,ES,5697,29930380,CENTRO,27,99182075
59.172.097/0001-62,1,,02,20250129,4330402,RS,8801,91770791,SERRARIA,51,96591255
59.172.109/0001-59,1,,02,20250129,4723700,BA,3849,41930084,VALE DAS PEDRINHAS,71,85243178
59.172.120/0001-19,1,,02,20250129,2542000,RS,8541,95708730,APARECIDA,54,99440820
59.172.132/0001-43,1,,02,20250129,4744099,SC,1192,88828000,DUNAS,48,88392463
59.172.143/0001-23,1,,02,20250129,5320201,RS,8963,94435320,KRAHE,51,97278852
46.005.193/0001-74,1,,02,20220412,8230002,SP,7055,19360035,CENTRO,18,88183123
59.172.167/0001-82,1,,02,20250129,9602501,ES,5659,29390000,CENTRO,28,99925711
59.172.176/0001-73,1,,02,20250129,8599699,RS,8841,97045070,ITARARE,55,91017969
59.172.187/0001-53,1,,02,20250129,4753900,SP,7107,01209002,SANTA EFIGENIA,92,81899648
59.172.199/0001-88,1,JMH CONSULTORIA,08,20250129,8211300,PE,2419,55299839,SEVERIANO DE MORAES FILHO,87,96637285
59.172.210/0001-00,1,,02,20250129,9602501,MG,5433,39630000,CENTRO,33,88974440
59.172.220/0001-45,1,,08,20250129,4322301,MG,4895,34007656,JARDIM CANADA,31,93338665
59.172.231/0001-25,1,LBB SISTEMAS,08,20250129,6209100,MG,4123,30494060,ESTORIL,31,93140442
59.172.241/0001-60,1,CAPRESE RESIDENZIALE,02,20250129,4110700,SC,8163,88220000,CENTRO,47,99317131
59.172.251/0001-04,1,AGRO MINDS,02,20250129,6311900,DF,9701,70316102,ASA SUL,17,97921804
59.172.263/0001-20,1,,02,20250129,8219999,SC,8147,89080196,TAPAJOS,47,84879867
59.172.272/0001-11,1,72 COMPANY,02,20250129,4635499,RS,8683,94015030,IZALINO BATISTA DE OLIVEIRA,51,99117272
59.172.282/0001-57,1,,02,20250129,8599604,RN,1779,59154315,PARQUE DAS ARVORES,84,88156032
59.172.292/0001-92,1,,02,20250129,4530703,BA,3849,41600650,STELLA MARIS,91,30978545
59.172.303/0001-34,1,,02,20250129,4321500,SP,7099,12210140,CENTRO,12,39152829
59.172.317/0001-58,1,AF REPRESENTACOES E EMPREENDIMENTOS,02,20250129,4619200,BA,3939,48950000,ALTO DO CONSELHEIRO,74,99985084
59.172.328/0001-38,1,,02,20250129,4781400,RS,8801,91380200,JARDIM ITU,47,89161476
59.172.339/0001-18,1,DR. LUCCA PELUSO BUZOLIN - MEDICO,02,20250129,8630599,SP,7107,01311904,BELA VISTA,19,96163972
59.172.352/0001-77,1,,02,20250129,4752100,MG,4445,35500005,CENTRO,37,99021979
59.172.364/0001-00,1,,02,20250129,4712100,AL,2793,57160000,BARRA NOVA,82,94268486
58.105.207/0001-00,1,,02,20241114,6911701,AM,0255,69079210,SAO FRANCISCO,92,81242856
59.172.381/0001-39,1,,08,20250129,4399103,BA,3117,45830036,DINAH BORGES,73,81405899
59.172.393/0001-63,1,,08,20250129,0159802,SP,7145,18065480,VILA BARAO,15,99639391
59.172.406/0001-02,1,,08,20250129,8599604,SP,7057,09110120,SILVEIRA,11,0
59.172.416/0001-30,1,,02,20250129,4763603,RS,8801,91120090,SARANDI,51,91403899
59.172.427/0001-10,1,,08,20250129,8592999,AL,2785,57010280,PRADO,82,99188948
59.172.439/0001-44,1,,02,20250129,8219999,SP,6291,13054370,PARQUE VISTA ALEGRE,19,19983521
59.172.449/0001-80,1,,02,20250129,4930201,RJ,5873,25850000,PORTA DO SOL,24,92755403
59.172.461/0001-94,1,,02,20250129,4744001,PB,2051,58062281,PARATIBE,83,86382966
10.482.611/0010-68,2,ZR PNEUS,02,20250129,4530705,MG,4371,32210120,CIDADE INDUSTRIAL,31,39125300
59.172.482/0001-00,1,OUNCE CORRETORA DE SEGUROS E CONSULTORIA,02,20250129,6622300,SP,6711,13736440,JARDIM CHICO PISCINA,19,90062348
59.172.492/0001-45,1,,02,20250129,5320201,SP,7083,13872181,YOLANDA,19,93010442
59.172.503/0001-97,1,AUTO POSTO RIO MADEIRA LTDA,02,20250129,4731800,SP,7107,05571010,PARQUE IPE,11,23482359
59.172.511/0001-33,1,,08,20250129,7319002,RJ,6001,21830120,BANGU,21,98328499
59.172.520/0001-24,1,,08,20250129,4722901,PI,1167,64260000,VISTA ALEGRE,86,99960012
59.172.529/0001-35,1,DOS SONHOS COLCHOES,02,20250129,4754702,BA,3515,44004005,CHACARA SAO COSME,75,81256097
59.172.541/0001-40,1,,08,20250129,5611204,SP,6477,07075440,JARDIM DOS CARDOSO,11,68577312
59.172.553/0001-74,1,,02,20250129,1340501,ES,5625,29140661,SOTELANDIA,27,92511567
59.172.564/0001-54,1,,02,20250129,4930202,MG,2901,38640000,CENTRO,38,99472058
59.172.575/0001-34,1,,02,20250129,0161003,MS,9115,79220000,SAO MIGUEL,67,99197394
59.172.587/0001-69,1,,08,20250129,4330404,SP,6373,12530000,BEXIGA,12,91502673
59.172.598/0001-49,1,COMERCIAL RUBEM,02,20250129,4712100,AM,0291,69620000,CENTRO,97,84081282
59.172.611/0001-60,1,,02,20250129,7319002,BA,3807,45816000,ARRAIAL D'AJUDA,73,99881542
59.172.623/0001-94,1,,08,20250129,4763601,RS,8853,98804770,SANTA FE,55,91207296
59.172.634/0001-74,1,,02,20250129,1091102,RO,0003,76817001,BAIRRO NOVO,0,0
59.172.645/0001-54,1,,02,20250129,8712300,SP,7175,15900017,CENTRO,16,97071355
59.172.656/0001-34,1,LARI STORE,02,20250129,4781400,CE,1389,60060170,CENTRO,85,81847466
59.172.666/0001-70,1,,02,20250129,4772500,SC,8089,88812710,BUENOS AIRES,48,96225203
48.804.874/0002-09,2,M.A. CONSTRUCOES TAO RESIDENCE,02,20241219,4110700,PB,1965,58102086,INTERMARES,83,98640588
59.172.689/0001-84,1,,02,20250129,2539001,TO,0367,77493000,CENTRO,63,92036165
59.172.702/0001-03,1,,02,20250129,7020400,MG,4133,32600160,CENTRO,98,81388042
59.172.714/0001-20,1,,02,20250129,8712300,RJ,6001,20910180,SAO CRISTOVAO,21,91353902
59.172.724/0001-65,1,,02,20250129,9700500,MG,4371,32017430,SANTA LUZIA,31,95267136
59.172.736/0001-90,1,,02,20250129,9511800,SP,6163,14810625,RESIDENCIAL VEREDAS DO CAMPO,16,97624505
59.172.747/0001-70,1,MARCOS PARANA PRODUTOS AGRICOLAS,02,20250129,4633801,BA,3099,44920000,RODOVIA,74,99736405
55.637.809/0001-10,1,,02,20240622,9602502,MA,0921,65076520,SAO FRANCISCO,98,87080779
59.172.768/0001-95,1,,02,20250129,1412602,MG,4181,37578000,NOVA SUICA,35,99103912
59.172.780/0001-08,1,,02,20250129,8230001,SP,7057,09270430,PARQUE NOVO ORATORIO,11,44795743
59.172.792/0001-24,1,,02,20250129,4399199,SP,7265,19270466,CONJUNTO HABITACIONAL JARDIM SOL NASCENTE,11,53723064
59.172.799/0001-46,1,,02,20250129,8219999,SP,7099,12237821,PALMEIRAS DE SAO JOSE,12,99621213
59.172.810/0001-78,1,,02,20250129,4772500,SP,7107,02220230,VILA MEDEIROS,11,29831648
59.172.822/0001-00,1,,02,20250129,2542000,SP,7211,17440007,CENTRO,14,99627881
59.172.834/0001-27,1,,08,20250129,4781400,CE,1389,60543322,BOM JARDIM,85,87800581
59.172.842/0001-73,1,,02,20250129,4520001,SP,6313,06331120,VILA BELA,11,47755198
59.172.853/0001-53,1,,02,20250129,5590699,RJ,5813,28908690,PRAIA DO FOGUETE,22,26432362
59.172.864/0001-33,1,,02,20250129,4789005,RJ,5819,28070790,PARQUE GUARUS,22,98627188
59.172.875/0001-13,1,USINA POLIMX,03,20250129,6319400,SP,7107,03172010,BELENZINHO,11,22553366
59.172.887/0001-48,1,,02,20250129,4930202,MG,5407,38613539,DIVINEIA,38,99638707
59.172.898/0001-28,1,,02,20250129,5611201,SP,6401,06814390,JARDIM SAO FRANCISCO,11,47832358
59.172.910/0001-02,1,,02,20250129,9511800,PE,2435,53640019,AGAMENON MAGALHAES,0,0
59.172.921/0001-84,1,JRD CONSULTORIA,08,20250129,7020400,AM,9835,69415000,SAO FRANCISCO,92,92325610
59.172.931/0001-10,1,,02,20250129,8610101,RS,8801,91550111,LOMBA PINHEIRO,51,85100383
59.172.943/0001-44,1,,02,20250129,8630503,CE,1389,60330878,BARRA DO CEARA,85,86057714
59.172.953/0001-80,1,,02,20250129,4923002,MG,4501,37642722,PIRES,82,81160444
59.172.964/0001-60,1,,08,20250129,5620104,SC,8355,88200000,CENTRO,48,91031059
59.172.977/0001-39,1,,02,20250129,9602501,MT,9067,78055770,JARDIM VITORIA,65,92971058
59.172.986/0001-20,1,,02,20250129,4723700,MG,4371,32183184,PEDRA AZUL 3A SECAO,31,92149181
59.172.997/0001-00,1,,08,20250129,7319002,PR,7667,86084185,JARDIM PLANALTO,43,33244874
07.116.306/0065-11,2,SONEDA,08,20250129,4772500,SP,6155,16026035,GUANABARA,11,71327969
59.173.020/0001-07,1,,02,20250129,8219999,SC,8179,89220340,COSTA E SILVA,47,96001144
59.173.032/0001-31,1,VIALOC,02,20250129,4929902,PE,2627,55608835,BELA VISTA,81,98105352
59.173.043/0001-11,1,,02,20250129,8230001,SP,7099,12239790,CAMPO DOS ALEMAES,12,78138762
59.173.055/0001-46,1,DWS MORANGOS,02,20250129,4633801,MG,4157,37610000,AGUA BRANCA,35,34621614
59.173.066/0001-26,1,,02,20250129,4541206,PA,0427,66645130,CASTANHEIRA,91,98090200
59.173.076/0001-61,1,,02,20250129,5912099,ES,5647,29216180,PRAIA DO MORRO,27,99645910
59.173.086/0001-05,1,,02,20250129,5611203,MG,4373,37235000,CENTRO,35,97294167
59.173.100/0001-62,1,,08,20250129,2542000,SP,6639,13487290,JARDIM NOVO HORIZONTE,19,81743901
59.173.111/0001-42,1,RECICLADOS MARQUES,02,20250129,3831901,RS,8901,93224370,SETE,48,88660555
07.116.306/0067-83,2,,08,20250129,4772500,SP,7157,06768200,CIDADE INTERCAP,11,71327969
59.173.133/0001-02,1,,02,20250129,7739099,RS,1152,99687000,ZONA RURAL,54,99800392
59.173.144/0001-92,1,LUCAS CARVALHO SA CONSULTORIA & NEGOCIOS IMOBILIARIOS,02,20250129,7119701,BA,3663,48540000,ANALIA DE CARVALHO DANTAS,75,99740406
59.173.157/0001-61,1,HRV HOLDING,02,20250129,6462000,BA,3849,41820768,CAMINHO DAS ARVORES,71,32127290
59.173.168/0001-41,1,,02,20250129,4781400,SP,7107,03010010,BRAS,0,0
59.173.177/0001-32,1,,02,20250129,1096100,PE,2381,55034510,CAIUCA,81,99195665
59.173.189/0001-67,1,,02,20250129,9609208,MT,9067,78035005,JARDIM SANTA ISABEL,65,92855636
59.173.202/0001-88,1,,02,20250129,5611204,SP,6681,17506270,SAO MIGUEL,14,98775472
59.173.214/0001-02,1,,01,20250129,4781400,PE,2531,52020041,AFLITOS,81,81989003
59.173.223/0001-01,1,,02,20250129,4923002,RS,8599,95047060,SANTA FE,54,92868850
59.173.234/0001-83,1,,02,20250129,4520001,GO,9227,74946653,SETOR BELO HORIZONTE,62,93500068
59.173.244/0001-19,1,SER CASA,08,20250129,8219999,AC,0139,69918378,NOVA ESTACAO,68,92112613
59.173.256/0001-43,1,,02,20250129,3839499,SP,6689,09320140,PARQUE BOA ESPERANCA,11,72101282
59.173.268/0001-78,1,EMIR BANK,03,20250129,6619399,SP,7107,05676120,CIDADE JARDIM,51,99636666
59.173.279/0001-58,1,MARKADO,08,20250129,6201501,RJ,6001,20021120,CENTRO,41,99999999
50.726.077/0001-11,1,,02,20230518,4721103,MA,0921,65044750,COROADINHO,98,84807280
59.173.301/0001-60,1,,02,20250129,9602502,MA,0921,65068460,SANTA ROSA,98,87188483
59.173.313/0001-94,1,,08,20250129,4399103,SP,7209,11695504,JARDIM UBATUBA,33,91922715
51.872.764/0001-08,1,,02,20230819,7319002,SC,8359,89490000,JOAO PAULO II,47,88055454
59.173.333/0001-65,1,,02,20250129,8599699,SP,7057,09210080,PARQUE DAS NACOES,11,44795280
59.173.342/0001-56,1,COMPRA E VENDA JE,02,20250129,4623101,BA,3905,47740054,CENTRO - ZONA URBANA,77,98578586
59.173.355/0001-25,1,,08,20250129,4781400,PR,7481,83604581,JARDIM ITAQUI,41,99429777
59.173.364/0001-16,1,LITTIG ODONTOLOGIA,02,20250129,8630504,ES,5703,29107250,DIVINO ESPÍRITO SANTO,27,98288223
44.551.605/0018-94,2,,02,20250124,8640202,ES,5691,29650000,JARDIM DA MONTANHA,11,22081020
58.676.681/0001-92,1,,02,20250107,6202300,SP,7075,09725580,VILA EUCLIDES,11,84252104
59.173.392/0001-33,1,,02,20250129,1351100,PB,1981,58433712,RAMADINHA,83,91004747
59.173.404/0001-20,1,,02,20250129,5611203,SP,7107,08381160,JARDIM DA LARANJEIRA (ZONA LESTE),11,60778366
59.173.413/0001-10,1,,02,20250129,4930201,RS,8901,93225425,LOMBA DA PALMEIRA,51,96099378
59.173.423/0001-56,1,F G CONFECCOES E ESTAMPARIA,02,20250129,1412601,PE,2599,55790000,PAO DE ACUCAR,81,99732310
59.173.434/0001-36,1,,02,20250129,9602502,MG,4371,32013580,FONTE GRANDE,31,82675438
59.173.446/0001-60,1,,02,20250129,4930201,SC,8045,88169899,AREA RURAL DE BIGUACU,48,91066918
57.728.535/0002-81,2,FAZENDA CAMBARAZINHO,02,20250129,0151201,MT,9889,78515000,ZONA RURAL,66,84386446
59.173.465/0001-97,1,,02,20250129,0161003,RS,8757,99600000,CENTRO,54,99523948
59.173.475/0001-22,1,,02,20250129,4744001,PA,0411,68372095,JARDIM UIRAPURU,93,92292418
59.173.487/0001-57,1,,02,20250129,4761002,GO,9373,74505016,SETOR CAMPINAS,62,91477826
59.173.498/0001-37,1,,02,20250129,7319002,AM,0255,69020342,CENTRO,92,84688501
59.173.509/0001-89,1,JB CARVALHO AUTO CENTER,02,20250129,4520001,TO,9733,77025268,PLANO DIRETOR SUL,63,91224900
59.173.520/0001-49,1,SODD CONSULTORIA E TREINAMENTOS,02,20250129,8211300,MG,4959,38705376,JARDIM PANORAMICO,34,99241184
59.173.531/0001-29,1,,02,20250129,4781400,GO,9395,75405135,JANDIRA,62,99470740
59.173.539/0001-95,1,,02,20250129,3240099,PR,7535,81460356,CIDADE INDUSTRIAL,93,98434613
59.173.551/0001-08,1,,02,20250129,4789005,SP,6551,06663500,PARQUE SUBURBANO,11,97120587
59.173.563/0001-24,1,,02,20250129,8550302,SP,6163,14806075,VILA SEDENHO,16,81840526
59.173.576/0001-01,1,,02,20250129,9603304,SP,6921,11718040,ANHANGUERA,13,61233655
59.173.588/0001-28,1,RS CONSULTORIA EMPRESARIAL,02,20250129,7020400,RN,1761,59090190,PONTA NEGRA,84,96204084
59.173.601/0001-49,1,,08,20250129,1091102,SP,7107,04858170,JARDIM SAO JUDAS TADEU,11,59799180
59.173.611/0001-84,1,,02,20250129,8130300,MG,4111,36201150,COLONIA RODRIGO SILVA,32,88890410
59.173.621/0001-10,1,,02,20250129,8219999,SP,6779,15407862,RESIDENCIAL QUINTA DA COLINA,17,81155675
59.173.631/0001-55,1,ELETRICA FEITOSA,02,20250129,4742300,ES,5623,29325000,ITAOCA PEDRA,28,99749693
59.173.642/0001-35,1,,08,20250129,4755503,AM,0969,69265000,DESTRITO SUCUNDURI,97,84522644
59.173.652/0001-70,1,,02,20250129,4755502,RJ,5925,27263500,CONFORTO,24,33387676
59.173.662/0001-06,1,,02,20250129,4923002,MG,4763,37207594,OURO PRETO,35,97191342
59.173.673/0001-96,1,,08,20250129,6201501,PR,7535,80030000,ALTO DA GLÓRIA,41,96869828
59.173.685/0001-10,1,,02,20250129,5620104,RJ,6001,21050525,BONSUCESSO,21,95464037
59.173.696/0001-09,1,,08,20250129,4930202,DF,9701,71741200,PARK WAY,61,98520387
59.173.706/0001-06,1,,02,20250129,5819100,PR,7493,85810190,CENTRO,71,91150863
59.173.718/0001-22,1,,08,20250129,4781400,PB,0446,58823000,CENTRO,83,81412443
59.173.729/0001-02,1,,02,20250129,8219999,BA,3849,41152145,RESGATE,71,88299715
59.173.743/0001-06,1,AGRO GATTOS,02,20250129,7319002,MS,9809,79490000,CENTRO,67,92325544
59.173.752/0001-05,1,,08,20250129,0161003,SC,8105,88047520,CARIANOS,48,91362040
59.173.763/0001-87,1,PLANO CONSTRUTORA,02,20250129,4120400,DF,9701,71745801,PARK WAY,61,85723321
59.173.776/0001-56,1,,02,20250129,8630503,PR,7535,80030460,JUVEVÊ,41,97880145
59.173.786/0001-91,1,,02,20250129,2532201,SC,8327,88115400,SERRARIA,48,91440113
59.173.797/0001-71,1,AGILCAR MULTIMARCAS,02,20250129,4511102,PR,7777,84036140,OFICINAS,42,32277347
59.173.809/0001-68,1,,02,20250129,4520005,SC,8117,89116672,MARGEM ESQUERDA,47,22042363
59.173.818/0001-59,1,,02,20250129,7319002,MG,4123,30575280,BURITIS,31,94664190
59.173.829/0001-39,1,MARIELY MUSICOTERAPEUTA,02,20250129,8690901,PR,7535,80820580,VISTA ALEGRE,41,97880145
59.173.840/0001-07,1,,02,20250129,9602502,PR,7483,87307675,JARDIM SANTA CASA,44,84153573
59.173.851/0001-89,1,,02,20250129,4723700,SP,7107,08121665,JARDIM MABEL,11,13548837
59.173.862/0001-69,1,,02,20250129,8219999,SP,7107,08474230,CONJUNTO HABITACIONAL CASTRO ALVES,11,91419260
59.173.874/0001-93,1,,02,20250129,4781400,SP,7145,18074410,JARDIM MARIA EUGENIA,15,97651779
59.173.884/0001-29,1,GESPAR GESTAO E SERVICOS ADMINISTRATIVOS,02,20250129,8211300,SP,7145,18087594,JARDIM RESIDENCIAL LE FRANCE,15,81480607
55.383.374/0001-25,1,PANIFICADORA & CONFEITARIA DOCENTREGA,02,20240604,4711301,MT,8985,78558376,LOTEAMENTO ALTO DA GLORIA,45,91521313
59.173.904/0001-61,1,,08,20250129,7319002,ES,5703,29104060,NOVO MEXICO,27,99614237
59.173.917/0001-30,1,,02,20250129,5611203,ES,0760,29345000,SANTA RITA,28,99487885
59.173.926/0001-21,1,,08,20250129,4520001,PR,7407,83506430,JARDIM MARAMBAIA,41,84102439
59.173.939/0001-09,1,PEIXARIA BRILHO DO ALTO MAR,02,20250129,4722902,BA,3943,45545000,CENTRO,73,99968510
59.173.950/0001-60,1,,02,20250129,5320201,AM,0255,69093107,MONTE DAS OLIVEIRAS,92,81613393
59.173.961/0001-40,1,,02,20250129,8599699,AM,0255,69050001,CHAPADA,92,98419568
59.173.973/0001-75,1,,02,20250129,8219999,SP,6179,19813755,CONJUNTO HABITACIONAL IRMA CATARINA,18,98010990
59.173.982/0001-66,1,,08,20250129,1031700,AL,2789,57955000,SAO BENTO,82,93237410
59.173.992/0001-00,1,,08,20250129,5611201,SP,6769,13380530,ZONA PREDOMINANTEMENTE RESIDENCIAL DOIS ( ZPR 2),19,94284100
59.174.005/0001-83,1,,02,20250129,9602501,PE,2435,53610545,CENTRO,81,94973595
59.174.016/0001-63,1,,08,20250129,5320201,SP,7225,13273220,SITIOS FRUTAL,19,98082333
59.174.026/0001-07,1,DOMINIPO SISTEMA,08,20250129,8299799,CE,1389,60050155,FATIMA,85,91500060
59.174.040/0001-00,1,,02,20250129,4723700,RN,1719,59330000,SANTA ISABEL,84,99839857
59.174.051/0001-82,1,VAPT VUPT CONTROLE DE PRAGAS URBANAS,02,20250129,8122200,GO,9459,75830113,CENTRO,64,96115921
59.174.059/0001-49,1,LA NONNA PIZZAS,08,20250129,5611201,SC,8349,88960000,CENTRO,48,99617758
59.174.070/0001-09,1,ARASS,02,20250129,8211300,MA,0757,65603050,SERIEMA,99,81578585
59.174.077/0001-20,1,,02,20250129,5590699,RJ,5801,23909300,VILA VELHA,24,99774272
59.174.089/0001-55,1,LR RESTAURANTE,02,20250129,5611201,PA,0591,68390000,CENTRO,94,91848836
59.174.098/0001-46,1,,02,20250129,5320201,RJ,6001,23555143,SANTA CRUZ,21,22744614
59.174.111/0001-67,1,,02,20250129,5611203,RJ,5869,26086430,AUSTIN,21,98328436
59.174.121/0001-00,1,,02,20250129,8599604,MG,4123,30555200,HAVAI,31,93439995
59.174.131/0001-38,1,,02,20250129,8219999,RS,8939,98910000,MEDIANEIRA,55,96207295
59.174.143/0001-62,1,PSICOLOGO GABRIEL DE OLIVEIRA,02,20250129,8650003,PR,7535,81450550,CIDADE INDUSTRIAL,41,97880145
59.174.157/0001-86,1,,02,20250129,4724500,SP,7107,04865000,JARDIM CASA GRANDE,11,99335632
59.174.165/0001-22,1,,02,20250129,4520001,AP,0613,68920000,ASSENTAMENTO NAZARE MINEIRO,87,81219193
59.174.176/0001-02,1,,02,20250129,4399103,SC,8367,88708535,SAO JOAO (MARGEM ESQUERDA),48,98457324
59.174.190/0001-06,1,,02,20250129,2599301,ES,5685,29350000,CENTRO,21,72426452
59.174.200/0001-03,1,,02,20250129,4923002,SP,7107,04459220,PEDREIRA,11,56119405
59.174.210/0001-49,1,,02,20250129,4752100,MG,5293,37950010,CENTRO,35,87091784
52.674.940/0001-60,1,MAXSERV,02,20231026,7119704,GO,1060,75603000,CENTRO 01,62,98300612
59.174.230/0001-10,1,PANDAKARU,02,20250129,4729699,DF,9701,73360403,SETOR RESIDENCIAL LESTE (PLANALTINA),61,33894614
59.174.241/0001-08,1,,02,20250129,4930202,SC,8233,88133660,BREJARU,91,32452608
59.174.254/0001-79,1,OSR,02,20250129,9512600,PB,1981,58400085,CENTRO,83,33219334
59.174.265/0001-59,1,,08,20250129,5320201,RS,8901,93225020,LOMBA DA PALMEIRA,51,31184071
59.174.277/0001-83,1,,02,20250129,9001901,PR,7563,85870100,ITAIPU C,45,99902728
59.174.287/0001-19,1,,02,20250129,5320201,SP,6681,17512807,JARDIM EDISOM DA SILVA LIMA,14,96272023
58.545.287/0001-15,1,,08,20241223,8599604,MG,4123,31130650,RENASCENCA,31,99604841
59.174.308/0001-04,1,,08,20250129,9700500,PR,7535,81560180,UBERABA,41,98088596
59.174.319/0001-86,1,,02,20250129,7319002,SP,7107,08330080,JARDIM VERA CRUZ(ZONA LESTE),11,20181126
59.174.331/0001-90,1,,08,20250129,4782201,BA,3849,40261015,LUIZ ANSELMO,71,86135800
59.174.344/0001-60,1,,02,20250129,5620104,RS,1006,98758000,INTERIOR,55,91303444
59.174.354/0001-03,1,,02,20250129,4399103,GO,9399,76202622,VILA BRASILIA,64,93347156
59.174.365/0001-85,1,,02,20250129,5320201,CE,1389,60337200,CRISTO REDENTOR,85,85156108
59.174.376/0001-65,1,,02,20250129,4399103,MG,4779,37750000,VILA OLIMPICA,35,99752155
59.174.387/0001-45,1,,02,20250129,4752100,MG,5293,37954468,RESIDENCIAL ALTO PARAISO,35,91094283
59.174.398/0001-25,1,,02,20250129,6204000,PR,7535,81220310,CAMPO COMPRIDO,41,98130414
59.174.410/0001-00,1,,02,20250129,9602501,RS,8785,99025100,BOQUEIRAO,54,91393284
59.174.421/0001-81,1,,02,20250129,4712100,BA,3849,41620580,ITAPUA,71,93376660
59.174.432/0001-61,1,JAGUAR SEGUROS,08,20250129,6622300,MS,9165,79621433,VILA GUANABARA,67,91182294
59.174.443/0001-41,1,BGON ENGENHARIA,08,20250129,7112000,GO,9373,74150030,SET MARISTA,62,98427095
59.174.453/0001-87,1,PODEROSA ELEGGANCIA KIDS,02,20250129,4781400,PR,7535,81480196,TATUQUARA,41,92155966
56.457.114/0001-10,1,,02,20240812,9430800,MT,9001,78485000,ASSENTAMENTO ZE DA PAES,66,99657343
59.174.477/0001-36,1,,08,20250129,8712300,PR,7811,84320000,SAO JOSE,42,99895158
59.174.488/0001-16,1,,02,20250129,4635401,RS,8963,94450160,SAO LUCAS,51,12345678
59.174.499/0001-04,1,,02,20250129,5320201,ES,5699,29177129,SAO MARCOS II,27,88920965
59.174.511/0001-72,1,,02,20250129,5590601,AL,2793,57160000,PRAIA DO FRANCES,82,96882368
59.174.520/0001-63,1,,08,20250129,7319002,GO,9227,74920460,CIDADE SATELITE SAO LUIZ,62,84581748
59.174.531/0001-43,1,,02,20250129,4783101,RJ,5897,24737085,SANTA ISABEL,21,88097724
59.174.541/0001-89,1,,02,20250129,5320202,SP,7107,05661050,PARAISOPOLIS,11,49782402
59.174.552/0001-69,1,,02,20250129,4399103,MG,4865,39402472,VILA SION,38,99893501
59.174.563/0001-49,1,,02,20250129,8211300,SP,7107,02862000,JARDIM ELISIO,11,99895090
59.174.575/0001-73,1,JC COMUNICACAO,02,20250129,8211300,MG,4123,31110150,COLEGIO BATISTA,31,87240663
59.174.586/0001-53,1,,02,20250129,4789005,CE,1389,60541162,GRANJA PORTUGAL,85,92154207
59.174.598/0001-88,1,,08,20250129,4321500,SC,8163,88220000,ALTO SAO BENTO,47,99605764
59.174.610/0001-54,1,,02,20250129,5812301,RN,1719,59330000,JOAO DE BARROS,84,94081547
59.174.621/0001-34,1,,02,20250129,7020400,PR,7667,86038667,JARDIM MONTE SINAI,43,00000001
59.174.634/0001-03,1,LG DIGITAL SERVICE,02,20250129,8211300,MG,4123,30310760,CARMO,31,88976797
59.174.644/0001-49,1,,02,20250129,4930201,SP,7107,04438220,VILA DO CASTELO,11,94580883
59.174.655/0001-29,1,,08,20250129,5611201,BA,3965,45027068,BOA VISTA,77,98987777
59.174.666/0001-09,1,,02,20250129,4520002,MT,9067,78085705,VISTA ALEGRE,65,99357975
59.174.677/0001-99,1,,02,20250129,7319002,SP,6789,06250250,JARDIM ELVIRA,11,43865753
59.174.688/0001-79,1,,02,20250129,5320202,GO,9379,75600000,SETOR OESTE,64,93302413
59.174.700/0001-45,1,,02,20250129,8299707,AL,2825,57601220,SAO CRISTOVAO,82,96996308
59.174.711/0001-25,1,,08,20250129,9609299,SP,7099,12221300,JARDIM VALPARAIBA,12,88974738
59.174.723/0001-50,1,,08,20250129,7319002,BA,3913,43723155,CHACARA BOM VIVER,71,92806076
59.174.735/0001-84,1,,02,20250129,4783101,BA,3849,41280630,MARECHAL RONDON,71,87800956
59.174.744/0001-75,1,,02,20250129,8219999,SC,8233,88137102,PEDRA BRANCA,48,99693938
59.174.754/0001-00,1,,02,20250129,4520001,SP,6545,06871300,JARDIM SAO MARCOS,11,44441111
59.174.767/0001-80,1,,02,20250129,8291100,PR,7885,83055593,IPE,41,87917049
59.174.778/0001-60,1,ENCANTO E ESTILO,02,20250129,4781400,SC,8075,89665000,SAO CRISTOVAO,49,99125372
59.174.786/0001-06,1,,08,20250129,4930202,SP,6477,07262130,JARDIM JACY,11,47099517
59.174.795/0001-05,1,,02,20250129,5320201,DF,9701,72225273,CEILANDIA NORTE (CEILANDIA),61,91213429
59.174.808/0001-38,1,UNIAO PIZZARIA LTDA,02,20250129,5620104,MG,5379,36512000,BOA VISTA,31,96865658
59.174.820/0001-42,1,,02,20250129,4399103,MG,4587,36225000,SANTO ANTONIO,32,84579654
59.174.830/0001-88,1,XAVIER & NUNES ASSESSORIA ADMINISTRATIVA,02,20250129,8211300,SP,7107,02230100,PARQUE EDU CHAVES,11,92082149
59.174.841/0001-68,1,,08,20250129,9700500,ES,5705,29032760,REDENCAO,27,96367128
59.174.852/0001-48,1,,02,20250129,5819100,RJ,5865,24346090,ITAIPU,21,95134421
59.174.863/0001-28,1,,08,20250129,8219999,SP,6547,18211100,JARDIM CASA GRANDE,15,97068481
59.174.875/0001-52,1,,02,20250129,7319002,PB,2051,58075370,ERNESTO GEISEL,83,87440801
59.174.886/0001-32,1,,02,20250129,4923002,GO,1066,72870512,CHACARAS ANHANGUERA,61,81996574
59.174.898/0001-67,1,,08,20250129,8219999,SP,6579,13311013,ALTO,11,40139191
59.174.908/0001-64,1,,02,20250129,4781400,SP,6669,18120000,S R C CLUB A,11,47087253
59.174.921/0001-13,1,,02,20250129,3329501,SP,7107,03378000,CHACARA BELENZINHO,11,61071846
51.050.377/0001-96,1,SIMAS BEAUTY COMPANY,02,20230614,8650099,RS,8801,90870016,TERESOPOLIS,51,20035668
59.174.940/0001-40,1,,02,20250129,8219999,RN,1669,59180000,CENTRO,84,94748195
59.174.952/0001-74,1,,02,20250129,9511800,SP,6927,19470000,ECOVILLE,18,81411594
59.174.964/0001-07,1,,02,20250129,7490105,PR,7535,80510250,SÃO FRANCISCO,41,32236011
55.870.785/0001-45,1,,02,20240710,4755503,GO,9395,75403755,RESIDENCIAL ANA BRANDÃO,62,92510253
59.174.986/0001-69,1,,02,20250129,9602501,MG,4861,38500000,CELSO BUENO,34,99812459
59.174.996/0001-02,1,,08,20250129,4520005,PB,1975,58900000,CENTRO,83,91109488
59.175.007/0001-97,1,,02,20250129,4712100,RJ,6001,21061480,INHAUMA,21,98802175
59.175.017/0001-22,1,,02,20250129,4923002,RJ,2911,26381375,DO CARMO,21,64768988
59.175.029/0001-57,1,,02,20250129,9313100,SP,6717,13801350,ATERRADO,19,97711737
59.175.039/0001-92,1,,02,20250129,4637106,MG,4385,38550970,CENTRO,38,99155881
59.175.050/0001-52,1,,02,20250129,7319002,PE,2633,53700000,BOTAFOGO,81,85057662
59.175.062/0001-87,1,,02,20250129,5320201,BA,3849,41253350,SAO MARCOS,71,94094096
59.175.073/0001-67,1,,02,20250129,8211300,SP,6741,13260208,CLUBE DE CAMPO,11,45942343
59.175.084/0001-47,1,,02,20250129,9602501,RJ,6001,23036060,GUARATIBA,21,80540712
59.175.094/0001-82,1,,02,20250129,8130300,RS,7361,95925000,ZONA RURAL,51,95878814
59.175.105/0001-24,1,,08,20250129,8599699,RN,0430,59585000,SANTO CRISTO,84,91727872
59.175.116/0001-04,1,,08,20250129,5612100,SP,6291,13049012,JARDIM MONTE CRISTO/PARQUE OZIEL,19,82336556
59.175.128/0001-39,1,CAROL PARANHOS CONSULTORIA LTDA,02,20250129,7020400,MG,4123,30411156,PRADO,31,32200949
59.175.139/0001-19,1,,02,20250129,4789004,BA,3841,48330000,CENTRO,75,99865019
59.175.150/0001-89,1,,02,20250129,5612100,MG,4683,38303233,RESIDENCIAL PORTAL DOS IPES,34,97658324
59.175.163/0001-58,1,,02,20250129,8219999,SP,6885,19204414,JARDIM VANTINI III,18,96138720
59.175.176/0001-27,1,,02,20250129,4723700,SP,6311,11668000,JARAGUA,12,81150802
59.175.186/0001-62,1,LA VACA LECHERA DE SAN TELMO,02,20250129,4729602,PR,7563,85851000,CENTRO,45,91440509
59.175.197/0001-42,1,,08,20250129,8712300,RJ,5863,26525424,CENTRO,21,99170607
59.175.206/0001-03,1,PSICOLOGA MAYARA SOUZA,02,20250129,8650003,PR,7535,81200240,CAMPO COMPRIDO,41,96796578
59.175.218/0001-20,1,,02,20250129,8712300,SP,7145,18016180,PARQUE TRES MENINOS,15,91061332
59.175.229/0001-00,1,,02,20250129,4399103,DF,9701,71693215,JOAO CANDIDO (SAO SEBASTIAO),61,94370415
59.175.242/0001-69,1,GESTAO E QUITACAO RJ DE LICENCIAMENTO VEICULAR LTDA,03,20250129,8291100,CE,1559,62031330,JOSE EUCLIDES,85,99968744
59.175.252/0001-02,1,,02,20250129,8230001,DF,9701,71070100,GUARA II,61,91549664
59.175.263/0001-84,1,,02,20250129,4923002,RJ,6001,21832300,SENADOR CAMARA,21,23015961
59.175.276/0001-53,1,I M CORPORATION,02,20250129,7020400,PA,0427,66113000,TELÉGRAFO SEM FIO,91,81511915
59.175.288/0001-88,1,K B ANDRADE,02,20250129,8630503,SP,6189,18705370,PINHEIRO MACHADO,14,37319583
59.175.298/0001-13,1,,02,20250129,8230001,AC,0139,69901067,MORADA DO SOL,68,92260024
59.175.311/0001-34,1,,02,20250129,4930202,SE,3195,49163549,GUAJARA,79,88312918
59.175.322/0001-14,1,,08,20250129,8599699,SP,6589,12306061,JARDIM DAS INDUSTRIAS,12,99186673
59.175.335/0001-93,1,RJ VERDE FUTURO,02,20250129,0161002,PR,7777,84060894,CONTORNO,42,99000000
59.175.345/0001-29,1,,08,20250129,6550200,SP,7075,09750730,CENTRO,11,55792928
04.638.005/0002-86,2,MESSIAS MOTO DISTRIBUIDORA,02,20250129,4541202,SP,6477,07222040,CIDADE INDUSTRIAL SATELITE DE SAO PAULO,77,36742110
59.175.366/0001-44,1,,02,20250129,9602501,SP,7107,05568050,JARDIM SAO JORGE (RAPOSO TAVARES),11,73588258
59.175.378/0001-79,1,,02,20250129,4781400,RS,8785,99051030,SAO LUIZ GONZAGA,54,99218025
59.175.387/0001-60,1,MARMITARIA 107,02,20250129,5611201,MT,9763,78573000,SAO CRISTOVAO,65,96171932
59.175.396/0001-50,1,,08,20250129,3314720,SC,8297,89136000,GLORIA,47,99123677
59.175.407/0001-00,1,,02,20250129,3839499,PE,2531,51240215,IBURA,81,32228944
59.175.419/0001-27,1,BR COMPANY MANUTENCOES,02,20250129,6209100,SP,7107,01521010,CAMBUCI,11,82410769
59.175.431/0001-31,1,,02,20250129,4399103,RJ,5897,24725120,LARANJAL,21,74360761
59.175.442/0001-11,1,GMASTER ENGENHARIA,08,20250129,4322302,SP,7107,02312010,VILA NOVA MAZZEI,11,58743352
59.175.452/0001-57,1,MDJ SERVICOS MEDICOS LTDA,02,20250129,8630503,SC,8089,88802000,CENTRO,48,99953336
59.175.464/0001-81,1,DANIEL GESTAO E SOLUCOES,08,20250129,8219999,MG,5039,35640000,CENTRO,37,99651992
59.175.475/0001-61,1,,02,20250129,9602501,PR,7751,85501292,CENTRO,46,99049475
59.175.486/0001-41,1,,08,20250129,8599604,MG,4371,32340020,GLORIA,31,99163268
59.175.499/0001-10,1,,02,20250129,4759801,SP,7107,03281001,VILA EMA,11,63865959
59.175.511/0001-97,1,,02,20250129,9602502,SP,6511,13333040,VILA GEORGINA,19,84209125
59.175.522/0001-77,1,,02,20250129,9602501,SP,7107,02984020,JARDIM PIRITUBA,11,25980568
59.175.531/0001-68,1,,02,20220131,0151201,SP,7079,13577899,RURAL,16,92355409
59.175.537/0001-35,1,,02,20250129,4520001,RS,8687,99200000,INTERIOR,54,96436229
59.175.549/0001-60,1,,08,20250129,5620104,MG,4703,39480000,BOA ESPERANCA,61,99970278
59.175.559/0001-03,1,,02,20250129,6470101,SP,7107,05425020,PINHEIROS,11,30307111
59.175.571/0001-00,1,,02,20250129,8712300,SP,6619,13207230,VILA VIANELO,11,91246869
59.175.580/0001-09,1,,02,20250129,5229002,RO,0029,76940000,JEQUITIBA,69,84639517
59.175.592/0001-25,1,,08,20250129,4321500,SP,7107,08380190,JARDIM IGUATEMI,11,22533133
59.175.602/0001-22,1,,02,20250129,4321500,PR,7531,87650030,CRUZEIRO DO SUL,44,98515185
59.175.613/0001-02,1,,02,20250129,5320201,CE,1585,61921380,ALTO ALEGRE II,85,88488890
59.175.624/0001-92,1,,02,20250129,9609208,SC,8179,89237090,VILA NOVA,47,96884597
59.175.634/0001-28,1,,02,20250129,8599604,PA,0427,66110010,MARACANGALHA,91,89274172
59.175.645/0001-08,1,,08,20250129,8599605,GO,9373,74830350,SETOR PEDRO LUDOVICO,62,32559408
59.175.657/0001-32,1,MIQUEIAS FARIAS REPRESENTACOES,02,20250129,4619200,CE,1389,60192310,COCO,85,97435624
59.175.666/0001-23,1,,08,20250129,1091102,RJ,5833,25225450,CAMPOS ELISEOS,21,68227419
59.175.676/0001-69,1,GABRIELA TRES ARQUITETURA E INTERIORES,02,20250129,8219999,MT,9191,78635000,INDUSTRIAL I,66,99590908
59.175.688/0001-93,1,,08,20250129,8219999,SP,7107,04313210,VILA GUARANI (Z SUL),13,99143557
59.175.699/0001-73,1,,02,20250129,4665600,SP,6579,13313129,JARDIM PADRE BENTO,11,83140402
59.175.712/0001-94,1,,08,20250129,4930202,SP,6921,11720010,ANTARTICA,13,78147677
59.175.723/0001-74,1,,02,20250129,9602501,SP,7121,11335140,VILA MATEO BEI,13,81359309
59.175.734/0001-54,1,JP TRANSPORTES,02,20250129,4930202,AL,2785,57081520,TABULEIRO DO MARTINS,81,95366041
59.175.746/0001-89,1,B.C. SERVICOS VETERINARIOS,02,20250129,7500100,RS,8801,90870000,TERESOPOLIS,51,99999999
59.175.757/0001-69,1,,08,20250129,5212500,PR,7885,83050060,PARQUE DA FONTE,41,99770069
57.340.638/0001-99,1,,02,20240918,1412601,SP,7107,03012050,BRAS,11,85890643
59.175.780/0001-53,1,,08,20250129,5590699,PA,0427,66110120,MARACANGALHA,91,32555555
59.175.790/0001-99,1,,02,20250129,4712100,RS,8589,92442820,GUAJUVIRAS,51,95657871
59.175.801/0001-30,1,FIT NUTREM,02,20250129,4729699,SP,6251,12922730,CIDADE PLANEJADA II,11,40312620
59.175.812/0001-10,1,,02,20250129,8219999,MS,9063,79320230,AEROPORTO,67,91416142
59.175.821/0001-01,1,,08,20250129,5320201,RO,0007,76873126,SETOR 02,69,35363602
59.175.833/0001-36,1,,08,20250129,4772500,RJ,5869,26060105,FIGUEIRAS,21,98704276
59.175.846/0001-05,1,,02,20250129,5611201,AM,0253,69400450,APARECIDA,92,93598539
59.175.857/0001-95,1,,02,20250129,8211300,SC,8117,89110061,CENTRO,47,33321363
59.175.868/0001-75,1,,02,20250129,8599604,SP,7107,04140000,CHACARA INGLESA,11,21111111
59.175.879/0001-55,1,,08,20250129,9511800,AM,0249,69660000,SANTO ANTONIO,92,91333453
59.175.890/0001-15,1,,02,20250129,4120400,PR,7535,80020310,CENTRO,41,96917943
59.175.902/0001-01,1,,02,20250129,6204000,RS,8677,99900000,CENTRO,54,99857115
59.175.913/0001-91,1,,02,20250129,1091102,BA,3949,45690000,CENTRO,73,99218998
59.175.925/0001-16,1,,02,20250129,8650003,RS,8801,90440033,MOINHOS VENTO,16,36232373
59.175.937/0001-40,1,,02,20250129,4923002,RJ,6001,20921160,SAO CRISTOVAO,21,68306188
59.175.948/0001-20,1,,08,20250129,9602501,SP,6291,13020250,BOTAFOGO,19,99569316
59.175.959/0001-00,1,,08,20250129,4619200,SP,6921,11703450,TUPI,13,97298121
59.175.970/0001-70,1,,08,20250129,5590699,SC,5537,88215000,JOSE AMANDIO,55,81374608
59.175.983/0001-40,1,LUCIANA BASTOS PSICOLOGIA,02,20250129,8650003,SP,7107,01230001,SANTA CECILIA,31,93365498
59.175.995/0001-74,1,,02,20250129,4110700,SP,7115,11623223,JUQUEHY,12,35001133
59.176.004/0001-78,1,,02,20250129,1422300,RO,0003,76825098,ESPERANCA DA COMUNIDADE,69,92382401
59.176.015/0001-58,1,,02,20250129,4930201,SP,7107,04877190,CIDADE LUZ,11,50683197
59.176.025/0001-93,1,,02,20250129,8599699,MT,9185,78306165,JARDIM CIDADE ALTA,65,99320616
30.423.093/0002-09,2,,08,20220126,5320201,SC,8199,89300030,CENTRO II ALTO DE MAFRA,47,30123692
59.176.049/0001-42,1,,08,20250129,4712100,MG,4879,36955000,INVEJADA,28,99071342
59.176.061/0001-57,1,,02,20250129,6204000,SP,7107,04708040,SANTO AMARO,41,97880145
59.176.072/0001-37,1,,02,20250129,0161002,SP,6291,13051136,JARDIM DAS BANDEIRAS,19,0
59.176.080/0001-83,1,,02,20240901,0134200,SP,6275,13770000,FUMACA,19,36631157
59.176.088/0001-40,1,,02,20250129,5320201,SP,7157,06786250,VILA INDIANA,11,28921823
59.176.100/0001-16,1,ELITE MD EMPREITEIRA,02,20250129,4120400,SP,7107,05846390,JARDIM CASABLANCA,11,99999999
59.176.111/0001-04,1,,02,20250129,5620104,SP,7225,13274420,JARDIM PINHEIROS,19,71126162
59.176.124/0001-75,1,,02,20250129,4399103,SP,6635,13617649,JARDIM ELOISA,19,99412663
59.176.134/0001-00,1,,02,20250129,9602501,SP,2965,11256130,RIO DA PRAIA,13,97712747
59.176.143/0001-00,1,,02,20250129,7319002,MT,9907,78898314,NOVO HORIZONTE II,66,96454155
59.176.153/0001-37,1,,02,20250129,6911701,BA,3595,46880000,INDEPENDENTE,71,88230774
59.176.167/0001-50,1,,02,20250129,8593700,MG,5387,37189050,ALCIDES MESQUITA,35,98802714
59.176.181/0001-54,1,,02,20250129,4783102,SP,7107,04408000,AMERICANOPOLIS,11,55654534
59.176.191/0001-90,1,,02,20250129,3101200,SP,7157,06773080,JARDIM SUINA,11,58427452
59.176.202/0001-31,1,,02,20250129,8630503,MG,4559,39740000,MANGUEIRAS II,37,34491877
59.176.213/0001-11,1,,02,20250129,7729202,SP,7053,14270000,JARDIM GURILANDIA,16,93397833
59.176.225/0001-46,1,,08,20250129,5620104,PA,0443,68700525,OLIVEIRA BRITO,91,81430884
59.176.235/0001-81,1,,02,20250129,7319002,SP,7075,09725120,VILA GONCALVES,11,98192154
59.176.246/0001-61,1,BARATAO CONSERTO,02,20250129,9512600,BA,3957,45400000,URBIS,75,98742458
59.176.258/0001-96,1,,02,20250129,9512600,MA,0889,65110001,CENTRO,98,91269212
59.176.270/0001-09,1,,02,20250129,4399103,PA,0427,66640525,MANGUEIRAO,91,98090883
59.176.280/0001-36,1,,02,20250129,8630503,MG,5403,38405307,UMUARAMA,34,92818233
59.176.290/0001-71,1,,02,20250129,8599603,SP,6213,06418060,JARDIM GRAZIELA,11,97365453
59.176.301/0001-13,1,,02,20250129,5611204,PA,0441,68400000,ALDEIA,91,92780967
59.176.315/0001-37,1,,08,20250129,4330404,PR,7535,80630200,AGUA VERDE,41,95309498
59.176.326/0001-17,1,,02,20250129,9609207,SC,8105,88058450,INGLESES DO RIO VERMELHO,48,88016582
59.176.336/0001-52,1,,02,20250129,4772500,MG,4895,34003090,CHACARA DOS CRISTAIS,31,94433833
59.176.348/0001-87,1,COMERCIAL AMERICA ATACADO,02,20250129,4712100,AM,0249,69660000,CENTRO,97,91483929
59.176.359/0001-67,1,,08,20250129,4930201,PR,7563,85862433,TRES LAGOAS,45,84059009
59.176.371/0001-71,1,SHADDAY LOGISTICA,02,20250129,7490104,DF,9701,70070040,ASA SUL,61,92109255
59.176.381/0001-07,1,,08,20250129,5229099,PR,7563,85862160,TRES BANDEIRAS,45,99507719
59.176.393/0001-31,1,,08,20250129,8219999,SP,7099,12236495,JARDIM SUL,12,96424049
59.176.402/0001-94,1,,02,20250129,4923002,ES,5625,29151360,ITAQUARI,27,97513296
59.069.812/0001-36,1,,02,20250123,5611201,SE,3105,49040500,INACIO BARBOSA,81,97170056
59.176.424/0001-54,1,,02,20250129,7721700,AL,2785,57045832,OURO PRETO,82,91714848
59.176.434/0001-90,1,,02,20250129,4930201,PR,7535,82510020,BACACHERI,41,95157812
59.176.445/0001-70,1,,02,20250129,4772500,RJ,5875,23970000,ILHA DAS COBRAS,24,98689817
88.665.674/0008-22,2,,02,20250129,5611203,RS,8669,95720000,CENTRO,54,32266002
59.176.462/0001-07,1,,02,20250129,8599699,SC,8163,88220000,MEIA PRAIA,47,99160617
59.176.473/0001-97,1,,02,20250129,4399103,SC,8199,89302635,RESTINGA,47,99337124
59.176.483/0001-22,1,,02,20250129,9602501,PR,7535,80420030,BATEL,41,87788318
59.176.496/0001-00,1,,02,20250129,3329501,RJ,5901,25550520,PARQUE ALIAN,21,80168076
59.176.508/0001-98,1,,02,20250129,4330404,RJ,6001,22795230,RECREIO DOS BANDEIRANTES,21,90402327
59.176.517/0001-89,1,,02,20250129,9602501,SP,7107,03245020,JARDIM PANORAMA (ZONA LESTE),12,81718830
59.176.526/0001-70,1,,02,20250129,4741500,SP,6543,11746692,BELAS ARTES,13,97071785
59.176.538/0001-02,1,,02,20250129,0151201,SP,6327,15899899,FAZENDA SAPE,17,81062472
59.176.550/0001-09,1,,02,20250129,4781400,SC,8175,89266310,TRES RIOS DO NORTE,47,99348486
59.176.562/0001-33,1,,08,20250129,4930202,SP,6969,14060673,RESIDENCIAL DAS AMERICAS,16,92192791
59.176.571/0001-24,1,,08,20250129,8599699,RJ,6001,22030001,COPACABANA,21,25834524
59.176.581/0001-60,1,,08,20250129,4782202,MG,5403,38412422,JARDIM CANAA,34,96682494
59.176.593/0001-94,1,ESPACO ROSY PRESENTES,02,20250129,4772500,SP,6715,13848841,JARDIM CANAA II,19,89401281
46.643.569/0001-76,1,,02,20220602,4929901,PR,7535,81130260,CAPAO RASO,41,88853160
59.176.612/0001-82,1,,08,20250129,5229099,MG,5401,38038264,RESIDENCIAL JARDIM ANATE II,34,91898895
59.176.622/0001-18,1,M.A. SERVICOS E CONSULTORIA,02,20250129,4619200,ES,5699,29170043,NOVA CARAPINA I,27,21412508
59.176.634/0001-42,1,VITRINE EMPREENDIMENTOS,02,20250129,4120400,BA,3965,45075000,IBIRAPUERA,77,88395020
59.176.648/0001-66,1,,02,20250129,9602501,RJ,6001,22641506,ITANHANGA,21,72378941
59.176.661/0001-15,1,,02,20250129,7319002,RO,0003,76825018,ESPERANCA DA COMUNIDADE,69,84413777
59.176.672/0001-03,1,,02,20250129,9602501,SP,7121,11365410,VILA JOCKEI CLUBE,13,97081957
59.176.682/0001-30,1,,02,20250129,5620101,RJ,6001,21046180,MARE,21,35784563
59.176.694/0001-65,1,,02,20250129,5611203,RJ,5897,24743780,JOQUEI CLUBE,21,99371407
59.176.705/0001-07,1,,08,20250129,5229099,SC,8219,88830000,NASPOLINE,92,91653871
59.176.716/0001-97,1,MEDCARE SANTA RITA,02,20250129,4120400,MG,5049,37553154,ALTAVILLE,35,34215032
59.176.728/0001-11,1,,02,20250129,8630503,CE,1389,60050070,CENTRO,85,21815832
59.176.740/0001-26,1,,08,20250129,5229099,SP,7107,02227310,JARDIM BRASIL (ZONA NORTE),11,98839945
59.176.751/0001-06,1,,02,20250129,4322301,RN,1837,59293129,JARDINS,84,92159257
59.176.760/0001-05,1,REIS ODONTOLOGIA ESPECIALIZADA,02,20250129,8630504,MG,5427,36570087,CENTRO,31,38911589
59.176.772/0001-21,1,,02,20250129,7319002,TO,9615,77320000,CENTRO,63,92955508
59.176.786/0001-45,1,,08,20250129,4923002,CE,1373,61602435,ITAMBE,85,85293386
59.176.795/0001-36,1,,08,20250129,5611203,SP,6789,06266420,JARDIM BONANCA,11,44764331
59.176.808/0001-77,1,,08,20250129,5320201,DF,9701,72592203,RESIDENCIAL SANTOS DUMONT (SANTA MARIA),61,95621143
59.176.819/0001-57,1,,02,20250129,4752100,SP,7107,03572020,JARDIM SANTA TEREZINHA (ZONA LESTE),11,93269454
59.176.830/0001-17,1,,02,20250129,7319002,MG,4445,35500007,CENTRO,31,33714611
59.176.841/0001-05,1,,08,20250129,4923002,SP,6875,13412216,SANTA TEREZINHA,19,98831553
59.176.855/0001-10,1,,02,20250129,4520005,SP,6249,18618006,JARDIM NOSSA SENHORA DAS GRACAS (RUBIAO JUNIOR),14,98538708
59.176.866/0001-09,1,,02,20250129,4781400,RS,8729,95900612,FLORESTAL,51,96227074
59.176.877/0001-80,1,,02,20250129,4729602,RS,8809,97560000,CENTRO,55,84491535
59.176.888/0001-60,1,,02,20250129,1412602,RS,8801,91790750,RESTINGA,51,99662387
59.176.902/0001-26,1,,02,20250129,2539001,SP,6563,08595570,JARDIM DO VALE,11,92073506
59.176.914/0001-50,1,,02,20250129,4781400,SC,8241,88490000,PENHA,45,88237178
59.176.922/0001-05,1,,02,20250129,4930202,SP,7149,13178848,JARDIM DOS IPES,0,0
59.176.932/0001-32,1,BILINGUE TECH,02,20250129,7490101,RS,5757,92480000,FLORESTA,51,94307215
59.176.945/0001-01,1,,02,20250129,4782201,SP,6229,16204194,NOVO PARQUE SAO VICENTE,99,99999999
59.176.954/0001-00,1,,02,20250129,4530703,SC,8171,88950000,JARDIM NICOLAU,48,96114367
53.016.371/0001-28,1,,08,20231127,1052000,ES,5715,29970000,CRISTAL DO NORTE,27,95072631
59.176.973/0001-29,1,,08,20250129,5320201,MS,9051,79096798,RESIDENCIAL JOAO ALBERTO A DOS SANTOS,67,91278934
59.176.984/0001-09,1,,08,20250129,5611201,DF,9701,72547501,SANTA MARIA,61,83456597
59.176.996/0001-33,1,,02,20250129,4321500,PA,0427,66625670,CABANAGEM,91,80404926
59.177.005/0001-37,1,,02,20250129,7911200,PE,2531,50920340,TEJIPIO,81,92716911
59.177.019/0001-50,1,,02,20250129,7319002,MG,5139,39560000,SANTO ANTONIO,38,88183564
59.177.031/0001-65,1,,02,20250129,5320201,SP,6131,13474383,RESIDENCIAL VALE DAS NOGUEIRAS,19,95668752
59.177.042/0001-45,1,,02,20250129,5320202,SP,7107,05140120,CHACARA INGLESA,11,39487787
59.177.053/0001-25,1,,02,20250129,4723700,MG,4123,30570120,MARAJO,31,83996467
59.177.066/0001-02,1,SUELI & MARCIO CLINICA DE PSICOLOGIA,02,20250129,8650003,SP,7099,12236500,CIDADE MORUMBI,12,88780539
59.177.077/0001-84,1,,02,20250129,5811500,RS,8801,90050140,CIDADE BAIXA,51,93241772
59.177.087/0001-10,1,,02,20250129,9602502,SP,7107,02987060,PARQUE TAIPAS,75,99938819
59.177.100/0001-30,1,FDA CONSULTORIA TREINAMENTO E BI EMPRESARIAL LTDA,02,20250129,8599604,SC,8357,89093872,PADRE MARTINHO STEIN,47,88692589
59.177.111/0001-10,1,,02,20250129,4712100,PE,2531,52390480,PASSARINHO,81,88382498
59.177.126/0001-89,1,,02,20250129,8130300,SC,8179,89226566,JARDIM PARAISO,47,47997375
59.177.136/0001-14,1,,02,20250129,4729699,MT,0097,78643000,SETOR E,66,96361072
59.177.149/0001-93,1,,08,20250129,5611201,AP,0671,68997000,CENTRO,96,84301083
59.177.160/0001-53,1,,02,20250129,5212500,CE,1389,60873000,PARQUE SANTA MARIA,85,96972847
59.177.171/0001-33,1,,02,20250129,5320201,DF,9701,71065040,GUARA II,61,33812094
59.177.181/0001-79,1,,08,20250129,4930201,CE,1585,61932540,PAJUCARA,85,21541355
59.177.192/0001-59,1,,02,20250129,9700500,RS,8791,96010620,CENTRO,53,81058756
59.177.203/0001-09,1,,02,20250129,5612100,RJ,6003,27580000,JARDIM ITATIAIA,22,99918961
59.177.214/0001-80,1,,02,20250129,4930202,CE,1513,63280000,CENTRO,88,88833483
59.177.226/0001-05,1,,02,20250129,9602501,SP,7107,05170320,VILA BOACAVA,11,77290935
59.177.235/0001-04,1,,02,20250129,4923002,PE,2531,50710001,TORRE,81,86554857
59.177.245/0001-31,1,A L DO BRASIL,02,20250129,4120400,GO,9373,74303410,SET SUDOESTE,62,81471114
45.161.084/0001-83,1,,08,20220204,4330404,RS,8633,95960000,LAJEADINHO,51,93653731
59.177.266/0001-57,1,,02,20250129,9602501,RJ,6001,21941794,GALEAO,21,64691253
59.177.280/0001-50,1,,02,20250129,5620104,SP,6969,14030180,VILA VIRGINIA,16,81153619
59.177.289/0001-61,1,,08,20250129,4723700,PB,1937,58112295,MARIO ANDREAZZA,83,87975452
59.177.299/0001-05,1,LEILA OLIVEIRA STORES,02,20250129,7319002,MG,5371,39803504,FUNCIONARIOS,33,88033826
59.177.310/0001-29,1,,08,20250129,5912099,RS,5785,95588000,CENTRO,51,85441171
59.177.320/0001-64,1,,08,20250129,5812301,RJ,6001,22011001,COPACABANA,21,99156318
59.177.331/0001-44,1,,02,20250129,4399103,ES,5703,29124004,CIDADE DA BARRA,27,99341752
58.682.701/0001-38,1,,08,20250108,5229099,RJ,5903,28948180,JARDIM MORADA DA ALDEIA,22,26254950
59.177.350/0001-70,1,,02,20250129,9329804,RS,8801,90460030,PETROPOLIS,51,99977664
55.170.478/0001-51,1,,08,20240517,8712300,MA,0921,65068820,PARQUE VITORIA,98,88489139
59.177.372/0001-30,1,,08,20250129,8599699,RJ,6001,22211230,GLORIA,21,33811705
59.177.385/0001-00,1,,08,20250129,4789001,SP,7145,18085470,JARDIM LEOCADIA,15,32665588
44.225.095/0001-17,1,,02,20211112,8610102,MG,4037,37940000,JARDIM DO TREVO,35,35231091
59.177.406/0001-97,1,,02,20250129,9521500,CE,1389,60841150,MESSEJANA,0,0
59.177.418/0001-11,1,,02,20250129,2539001,SC,8047,89069270,ITOUPAVA CENTRAL,47,89068028
59.177.430/0001-26,1,,02,20250129,4330403,SP,7107,04965150,JARDIM VERA CRUZ(ZONA SUL),11,66972519
59.177.439/0001-37,1,,02,20250129,8599604,GO,9445,72803050,SANTA LUZIA,61,96293320
59.177.452/0001-96,1,SOVNGARDE FORGE,02,20250129,6204000,SP,7107,01310914,BELA VISTA,41,97880145
59.177.460/0001-32,1,,02,20250129,4930202,SP,7107,02366001,JARDIM FRANCISCO MENDES,11,39719455
59.177.470/0001-78,1,,02,20250129,5611201,RJ,5819,28051040,PARQUE CAJU,22,20308000
59.177.476/0001-45,1,,02,20250129,4322303,SP,7107,02312020,VILA NOVA MAZZEI,11,29913243
59.177.489/0001-14,1,,02,20250129,5620104,RJ,6001,20230170,CENTRO,21,22240379
16.404.287/1008-85,2,,02,20250129,0210107,MG,4753,36980000,ZONA RURAL,11,36365000
59.177.510/0001-81,1,,02,20250129,4543900,RS,8785,99072440,VILA LUIZA,54,99827699
59.177.522/0001-06,1,,02,20250129,4752100,RJ,6001,22785092,VARGEM GRANDE,21,65108996
59.177.533/0001-96,1,,02,20250129,8219999,SP,7077,09541000,SANTO ANTONIO,11,42219201
59.177.544/0001-76,1,,02,20250129,8219999,PA,0427,66615372,MARAMBAIA,91,84674979
59.177.555/0001-56,1,,02,20250129,4772500,RJ,6001,23585086,PACIENCIA,21,68921314
59.177.565/0001-91,1,,08,20250129,5320201,RJ,5871,26600000,CENTRO,21,93832191
59.177.579/0001-05,1,PEDRO MOVEIS ARTESANATOS,02,20250129,4754701,SP,6477,07175330,JARDIM DO TRIUNFO,73,98090444
59.177.591/0001-10,1,,02,20250129,7319002,PR,7691,87013000,ZONA 01,44,88148731
59.177.603/0001-06,1,ANA TERRA CAFE,02,20250129,4621400,SC,8089,88801430,CENTRO,48,34135900
59.177.613/0001-41,1,,08,20250129,7319002,SP,7057,09181720,VILA ELDIZIA,11,25343102
59.177.625/0001-76,1,,08,20250129,9700500,SC,8105,88047600,CARIANOS,48,88037638
59.177.637/0001-09,1,,02,20250129,6202300,CE,1389,60175705,PAPICU,85,98705315
59.177.649/0001-25,1,,02,20250129,4789099,SC,8367,88706210,PASSO DO GADO,48,88174404
59.177.660/0001-95,1,,02,20250129,3329501,RS,8791,96060150,TRES VENDAS,53,32734084
53.520.749/0001-26,1,,02,20240116,6470101,SP,7107,01310930,BELA VISTA,11,31757575
59.177.681/0001-00,1,,02,20250129,8219999,SP,6271,12282350,VILA RESENDE,12,33547901
59.177.693/0001-35,1,SOLVEO,02,20250129,7020400,BA,3685,42705370,VILA PRAIANA,71,97355958
59.177.703/0001-32,1,,02,20250129,5320201,SP,6897,08555050,VILA SANTA LUIZA,11,0
59.177.714/0001-12,1,,02,20250129,5912099,CE,1389,60540664,GRANJA PORTUGAL,85,81201185
59.177.727/0001-91,1,RONCADOR MEGA MOTOS,02,20250129,4541206,MT,9035,78603280,LOTEAMENTO UNIAO,66,92317858
59.177.738/0001-71,1,,02,20250129,8599699,AP,0615,68925144,HOSPITALIDADE,96,81156946
59.177.749/0001-51,1,,02,20250129,1091102,SP,6607,17204281,JARDIM SANZOVO,14,35499087
59.177.762/0001-00,1,PROLAR,02,20250129,2330302,SC,8051,88295000,SALTO DE AGUAS NEGRAS,47,84311024
59.177.775/0001-80,1,SOVRAN A.I.,02,20250129,6462000,EX,9707,,LONDRES,0000,00000000
59.177.786/0001-60,1,,08,20250129,8219999,PR,7535,80020000,CENTRO,62,86355680
59.177.797/0001-40,1,,02,20250129,8599604,BA,3981,44655000,CENTRO,75,81205578
59.177.807/0001-47,1,,02,20250129,4930201,MG,5351,36930000,SAO GERALDO,33,33363020
59.177.819/0001-71,1,,08,20250129,4782202,SP,7107,02258000,VILA CONSTANCA,11,23086244
59.177.829/0001-07,1,,02,20250129,9602502,SC,8175,89257500,JOAO PESSOA,11,94491163
59.177.838/0001-06,1,,02,20250129,1412602,SP,6891,14755544,JARDIM VENEZA,16,93350843
59.177.849/0001-88,1,COOPAVALE,02,20250129,4631100,CE,1371,63595000,CENTRO,88,81090455
59.177.860/0001-48,1,LIONS HUB,08,20250129,4789099,PR,7885,83020250,ITÁLIA,41,95920519
59.177.870/0001-83,1,,08,20250129,4783101,ES,5705,29090250,JARDIM CAMBURI,27,97892791
59.177.882/0001-08,1,,08,20250129,1412602,SP,7057,09139040,CATA PRETA,11,76261867
59.177.892/0001-43,1,,08,20250129,4781400,SP,6213,06414007,JARDIM TUPANCI,11,97177933
52.917.363/0003-51,2,,02,20250129,6821801,SP,7107,01451917,JARDIM PAULISTANO,43,98174734
59.177.917/0001-09,1,,02,20250129,5611203,PE,2531,50690900,IPUTINGA,81,86685495
59.177.929/0001-33,1,VIOLA SERVICOS MEDICOS,02,20250129,8610102,SP,7099,12237828,PALMEIRAS DE SAO JOSE,12,91581884
59.177.942/0001-92,1,,02,20250129,9602501,SP,7145,18103563,JARDIM REGENTE,15,66180542
59.177.954/0001-17,1,,08,20250129,9511800,SP,6511,13330450,JARDIM PAU PRETO,19,33120354
59.177.966/0001-41,1,,02,20250129,6821801,SP,6619,13214661,ENGORDADOURO,11,32886858
59.177.977/0001-21,1,,02,20250129,9700500,MG,5437,39730000,PAQUETA,33,98607357
59.177.987/0001-67,1,,08,20250129,8291100,PR,7711,86760000,CENTRO,44,99523592
16.404.287/1016-95,2,,02,20250129,0210107,SP,6859,18185000,ZONA RURAL,11,36365000
59.178.003/0001-62,1,ECOSPACE,08,20250129,7111100,SP,7071,11035190,APARECIDA,13,91768757
59.178.015/0001-97,1,,08,20250129,9602501,SE,3195,49164132,SANTA INES,79,98885527
59.178.025/0001-22,1,ACGS TECH,02,20250129,6209100,SP,6213,06449430,PARQUE VIANA,41,97880145
59.178.035/0001-68,1,FX GAMES,08,20250129,4754701,CE,1389,60714150,ITAPERI,85,98309654
59.178.048/0001-37,1,,08,20250129,8599604,SP,7145,18047690,PARQUE CAMPOLIM,15,95267389
59.178.058/0001-72,1,CANCELIER SOLUCOES EMPRESARIAIS,02,20250129,7020400,SC,8105,88035410,SANTA MONICA,41,97880145
59.178.067/0001-63,1,,08,20250129,4729601,RO,0009,76961862,BALNEARIO ARCO-IRIS,69,84838409
59.178.078/0001-43,1,,02,20250129,5611201,RJ,5897,24474735,ITAUNA,21,70158200
59.178.091/0001-00,1,,08,20250129,7319002,ES,5727,29295000,POCO DANTAS,28,81034085
59.178.102/0001-44,1,,02,20250129,8599699,RS,8449,95790000,CENTRO,51,95978043
59.178.114/0001-79,1,,02,20250129,5912099,DF,9701,70346050,ASA SUL,61,98375848
59.178.124/0001-04,1,,02,20250129,1821100,PB,1975,58900000,CRISTO REI,83,91246929
59.178.133/0001-03,1,,02,20250129,4930202,SP,6477,07054050,JARDIM VILA GALVAO,11,69384932
59.178.144/0001-85,1,,08,20250129,8599699,SP,6563,08573140,VILA VIRGINIA,11,94603313
59.178.156/0001-00,1,,08,20250129,4722901,BA,3539,46390000,CENTRO,77,91589650
59.178.167/0001-90,1,SAMY TRANSPORTES,08,20250129,5320202,RS,8801,91120300,SARANDI,51,95269166
59.178.176/0001-80,1,,02,20250129,4929901,MS,9051,79072610,VARANDAS DO CAMPO,67,91765363
59.178.187/0001-60,1,,02,20250129,4541206,SP,6271,12283880,PARQUE RESIDENCIAL SANTO ANDRE,12,88613673
59.178.199/0001-95,1,B8 WEALTH,02,20250129,6619399,SP,6213,06454000,ALPHAVILLE CENTRO INDUSTRIAL E EMPRESARIAL/ALPHAV,11,99437475
59.178.211/0001-61,1,,02,20250129,6110803,SP,6401,06807510,JARDIM MIMAS,11,63104561
59.178.221/0001-05,1,ANZUCAR ESTACIONAMENTO,08,20250129,5223100,SP,7145,18013002,ALEM PONTE,15,81242306
59.178.231/0001-32,1,,02,20250129,4321500,SP,6291,13026280,JARDIM PROENCA,19,99484526
59.178.242/0001-12,1,,08,20250129,9602502,BA,3993,45990616,JARDIM PLANALTO,31,71145248
59.178.254/0001-47,1,,08,20250129,7319002,BA,3849,40290270,ACUPE,71,92652921
59.178.266/0001-71,1,,08,20250129,8219999,MS,9803,79550000,FLOR DO CAMPO,67,98534129
59.178.278/0001-04,1,,02,20250129,4759899,PR,7535,80530000,CENTRO CIVICO,41,99621363
59.178.290/0001-00,1,,02,20250129,4530704,PR,7731,87140000,CENTRO,44,97427517
59.178.300/0001-08,1,,02,20250129,4755503,SP,7017,13453807,PLANALTO DO SOL II,19,96073540
59.178.310/0001-43,1,,02,20250129,4520001,MT,9167,78152100,SAO MATHEUS,65,92653251
59.178.321/0001-23,1,,02,20250129,7319002,RJ,5869,26280200,COMENDADOR SOARES,21,81046989
59.178.332/0001-03,1,,08,20250129,4772500,RJ,6001,20725080,LINS DE VASCONCELOS,21,96429016
59.178.342/0001-49,1,,02,20250129,9603304,CE,1451,63307000,MANGABEIRA,88,94536075
28.358.904/0003-74,2,CASA DO AGRICULTOR,02,20250129,4789004,PR,7763,84925000,CENTRO,43,35691271
59.178.363/0001-64,1,MG HALAL SERVICOS DE SAUDE,02,20250129,8630503,RS,8791,96015420,CENTRO,53,81154171
59.178.375/0001-99,1,,02,20250129,8599699,DF,9701,70655631,CRUZEIRO NOVO,61,82518541
59.178.387/0001-13,1,,02,20250129,5320202,MG,5133,34710170,ANA LUCIA,31,86500062
59.178.398/0001-01,1,,02,20250129,5620104,RJ,6001,23097590,CAMPO GRANDE,21,32758165
59.178.408/0001-09,1,,08,20250129,5611201,AM,0255,69098026,NOVO ALEIXO,92,91969096
59.178.417/0001-91,1,GERMAN,02,20250129,7319003,MG,4445,35502407,RANCHO ALEGRE,37,98241020
59.178.429/0001-16,1,,08,20250129,5611203,BA,3661,45206527,AGUA BRANCA,73,98528455
59.178.439/0001-51,1,,02,20250129,7319002,MG,4371,32186080,PARQUE XANGRI-LA,31,73364841
51.482.928/0001-90,1,IDEAL MARMORARIA E VIDRACARIA,02,20230719,4120400,PA,0415,67120590,QUARENTA HORAS (COQUEIRO),91,85226010
59.178.461/0001-00,1,,02,20250129,7911200,MA,0206,65585000,CENTRO,98,85946122
59.178.472/0001-81,1,,08,20250129,8592999,RS,8801,91550234,LOMBA DO PINHEIRO,51,98786879
59.178.481/0001-72,1,,02,20250129,8219999,SC,8105,88047170,COSTEIRA DO PIRAJUBAE,48,91669627
54.048.151/0001-49,1,SERVARE AMBIENTAL,02,20240223,4789099,MG,5403,38412142,CIDADE JARDIM,13,81235151
59.178.502/0001-50,1,,08,20250129,8599699,SP,6219,17067420,PARQUE SANTA EDWIGES,14,98897347
59.178.514/0001-84,1,,02,20250129,4321500,RS,8655,95178490,ALVORADA,54,96899211
59.178.526/0001-09,1,,02,20250129,4321500,SP,7107,04880230,RECANTO CAMPO BELO,11,98533844
59.178.537/0001-99,1,,02,20250129,5320201,SP,6401,06810320,VILA OLINDA,11,42448678
59.178.548/0001-79,1,,08,20250129,4781400,SP,6747,12180000,VILA SAO BENEDITO,12,97666391
59.178.559/0001-59,1,,02,20250129,1539400,RS,8771,93530180,DIEHL,51,99351813
59.178.571/0001-63,1,,02,20250129,5612100,RS,9825,95630000,INTEGRACAO,51,97323963
59.178.581/0001-07,1,GHELFI M&D,08,20250129,7319003,SP,6619,13206410,VILA MANFREDI,11,57708934
59.178.593/0001-23,1,,08,20250129,9511800,MG,5403,38408370,SARAIVA,34,91888071
59.178.605/0001-10,1,,02,20250129,5611203,MA,0763,65400000,CENTRO,99,88154072
59.178.615/0001-55,1,,02,20250129,7420001,SP,7245,15505106,PARQUE RESIDENCIAL DO LAGO,17,34231955
59.178.627/0001-80,1,,08,20250129,5620104,SP,7107,04814210,JARDIM MARIA RITA,11,53913489
59.178.639/0001-04,1,LINSHOUSE,02,20250129,6822600,SP,6361,06716575,JARDIM SABIA,41,97880145
59.178.650/0001-74,1,,02,20250129,5611203,RN,1761,59025260,CIDADE ALTA,84,99454446
59.178.661/0001-54,1,,02,20250129,4322302,RJ,5863,26515051,CABRAL,21,26935920
59.178.670/0001-45,1,,02,20250129,2539001,SP,6323,15803309,CONJUNTO POLO COMERCIAL E INDUSTRIAL GIORDANO MES,17,37754223
59.178.682/0001-70,1,,02,20250129,5320201,RS,8569,96781064,HIPICO,51,92161274
59.178.692/0001-05,1,,02,20250129,0161003,SP,7107,04855120,JARDIM ITAJAI,75,98227314
59.178.701/0001-68,1,FOX SERVICOS LOGISTICOS,02,20250129,5212500,SP,6619,13214800,JARDIM CELESTE,11,88664928
53.180.161/0001-70,1,,08,20231212,4619200,SP,7071,11030251,PONTA DA PRAIA,13,92107711
59.178.724/0001-72,1,,02,20250129,8211300,SP,7077,09571310,OLIMPICO,11,91352829
59.178.734/0001-08,1,,02,20250129,1091102,SC,8179,89203030,ATIRADORES,47,99743846
59.178.745/0001-98,1,,02,20250129,4930202,SC,8063,89294000,FRAGOSOS,47,96243930
59.178.757/0001-12,1,,02,20250129,7319002,RS,8599,95030840,SANTA LUCIA,54,99644688
59.178.768/0001-00,1,,08,20250129,8599604,PR,7583,85015420,SANTA CRUZ,15,32584512
59.178.779/0001-82,1,,08,20250129,4321500,MG,4123,31741495,HELIOPOLIS,31,34946522
59.178.790/0001-42,1,,03,20250129,9002701,DF,9701,73060656,SETOR OESTE (SOBRADINHO II),61,96249467
59.178.802/0001-39,1,,02,20250129,9602501,ES,5693,29780000,SANTA MARIA,27,98856786
45.819.285/0001-25,1,,02,20220329,8630503,MG,4123,30421280,NOVA SUISSA,31,84843143
59.178.824/0001-07,1,,02,20250129,5612100,BA,3965,45027110,BOA VISTA,77,99171742
59.178.836/0001-23,1,,08,20250129,9609207,PR,7535,80430050,MERCES,41,96156553
59.178.849/0001-00,1,,08,20250129,4399103,SP,7107,08280420,CIDADE LIDER,11,84526330
59.178.858/0001-93,1,,02,20250129,4321500,PR,7733,85690035,CENTRO,55,99425737
59.178.867/0001-84,1,,08,20250129,7319002,CE,1389,60120002,JOAQUIM TAVORA,85,96123011
59.178.878/0001-64,1,,02,20250129,9700500,SE,3233,49107108,ROSA MARIA,79,98094833
59.178.887/0001-55,1,,02,20250129,4930201,SC,8233,88138755,PRAIA DE FORA,48,98494210
59.178.899/0001-80,1,,02,20250129,8599604,MG,4123,30570480,MARAJO,31,92532357
59.178.909/0001-87,1,LEONARDO P CORDEIRO,03,20250129,8630599,SP,7107,01311904,BELA VISTA,11,74952021
59.178.922/0001-36,1,,08,20250129,4930201,MG,4675,35680632,TRES MARIAS,31,85734091
59.178.931/0001-27,1,,02,20250129,7739099,SC,5745,89925000,INTERIOR,49,91531392
59.178.943/0001-51,1,,02,20250129,3101200,PR,7563,85867335,PORTO BELO,45,98144094
59.178.955/0001-86,1,,02,20250129,8219999,SP,6469,12512305,JARDIM AEROPORTO,12,91112107
59.178.966/0001-66,1,,02,20250129,4930202,SP,6313,06333140,PARQUE JANDAIA,11,75922307
59.178.978/0001-90,1,,02,20250129,8599699,SP,7107,05023000,VILA POMPEIA,11,98931125
59.178.987/0001-81,1,,08,20250129,8130300,SP,7107,02967000,VILA MIRIAM,11,80940588
59.178.999/0001-06,1,,02,20250129,8291100,MG,4069,38444393,OURO VERDE,34,88111775
59.179.012/0001-78,1,,02,20250129,4772500,RJ,5819,28093041,PARQUE SANTOS DUMONT,22,99723875
59.179.021/0001-69,1,,02,20250129,4781400,MS,9809,79490000,CENTRO,67,96065939
59.179.031/0001-02,1,,02,20250129,9602502,RJ,6001,21321000,PRACA SECA,21,24642126
59.179.043/0001-29,1,,02,20250129,8219999,SC,8161,88304100,CENTRO,51,97540241
59.179.055/0001-53,1,,08,20250129,4723700,PR,7535,81830130,XAXIM,41,98571104
55.156.966/0001-04,1,,08,20240516,9700500,SP,6757,15210000,RESIDENCIAL BELLA ALIANCA,17,0
59.179.073/0001-35,1,,02,20250129,4774100,CE,1389,60541052,GRANJA PORTUGAL,85,34973446
59.179.086/0001-04,1,,02,20250129,3101200,CE,1389,60422580,AEROPORTO,85,81120779
59.179.096/0001-40,1,,02,20250129,9602501,SE,3241,49480000,CENTRO,79,98046807
59.179.105/0001-00,1,,02,20250129,8599699,MA,0921,65061762,RIO ANIL,98,84178811
59.179.113/0001-49,1,,02,20250129,4399103,SP,6861,12402010,CRISPIM,12,97189948
59.179.122/0001-30,1,,08,20250129,7319002,SP,7107,02652030,JARDIM PERI,11,97083867
59.179.134/0001-64,1,,02,20250129,3314707,RJ,2921,28890573,RECANTO,21,83219683
59.179.146/0001-99,1,,08,20250129,5620104,BA,3413,42821830,BOA UNIAO (ABRANTES),71,85002900
59.179.156/0001-24,1,,02,20250129,9602501,SP,7107,02757040,VILA BANCARIA MUNHOZ,11,60210559
59.179.169/0001-01,1,,02,20250129,8219999,SP,7107,02442020,LAUZANE PAULISTA,11,81506760
59.179.179/0001-39,1,,02,20250129,5320202,MG,5023,39274258,NOVA PIRAPORA,38,99820830
59.179.189/0001-74,1,,02,20250129,4781400,BA,3849,41370070,JARDIM NOVA ESPERANCA,71,99194405
59.179.199/0001-00,1,JNLS NEGOCIOS IMOBILIARIOS,02,20250129,6821801,PR,7535,80530000,CENTRO CÍVICO,41,88460753
59.179.208/0001-62,1,,08,20250129,5229099,SP,6131,13478752,JARDIM BERTONI,83,99988546
59.179.221/0001-11,1,,02,20250129,4923002,MG,4133,32676042,AMARANTE,31,91956797
59.179.232/0001-00,1,,08,20250129,5320201,SP,7233,13224710,JARDIM ITALIA,11,73223949
59.179.243/0001-81,1,,02,20250129,9602501,SC,8105,88048300,RIO TAVARES,48,84731383
59.179.253/0001-17,1,,02,20240702,8411600,CE,1405,62270000,CENTRO,88,97473332
59.179.263/0001-52,1,,08,20250129,5229099,SP,7107,03624010,VILA BUENOS AIRES,11,25442946
46.579.913/0001-05,1,,08,20220528,5620104,SP,6441,16452160,JARDIM PARAISO,14,98531025
59.179.282/0001-89,1,,02,20250102,0115600,SP,6557,18489899,AREA RURAL DE ITAPORANGA,11,84111177
59.179.294/0001-03,1,,02,20250129,8650005,SP,6921,11722030,VILA SONIA,13,30340429
59.179.302/0001-11,1,,08,20250129,8599604,SP,7209,11688644,ITAGUA,12,97773604
59.179.315/0001-90,1,,02,20250129,9001902,SP,7057,09120305,PARQUE GERASSI,11,98473159
59.179.327/0001-15,1,,02,20250129,4744099,RJ,5903,28943295,BAIXO GRANDE,22,98447258
58.254.760/0001-05,1,,02,20241127,7319003,MG,4123,30130008,SERRA,31,38925577
57.706.586/0001-21,1,,02,20241016,5611203,MG,5343,35700481,NOSSA SENHORA DAS GRACAS,31,31078467
59.179.356/0001-87,1,,02,20250129,4772500,MA,0921,65091163,VILA MARANHAO,98,32347184
59.179.368/0001-01,1,,02,20250129,5620104,PE,2327,55560000,CENTRO,81,88124843
59.179.378/0001-47,1,,02,20250129,4930201,PR,7535,81480353,TATUQUARA,41,96967527
59.179.388/0001-82,1,,02,20250129,4723700,SP,6601,06604320,VILA SANTA ROSA,11,36315184
59.179.399/0001-62,1,,02,20250129,8712300,SC,8045,88160190,CENTRO,48,98469522
59.179.410/0001-94,1,,08,20250129,4399103,SC,8367,88704520,HUMAITA,48,99141660
59.179.420/0001-20,1,,08,20250129,5320201,SP,2975,15823003,CENTRO,17,97282374
59.179.431/0001-00,1,,02,20250129,4724500,BA,3573,45661200,BANCO DA VITORIA,73,81160136
59.179.443/0001-34,1,,02,20250129,7319002,RJ,6001,22743041,PECHINCHA,21,98320360
59.179.454/0001-14,1,,02,20250129,5611203,CE,1447,63031182,TIRADENTES,88,35125949
59.179.464/0001-50,1,,02,20250129,4781400,SP,7107,02203010,VILA EDE,11,47792345
59.179.477/0001-29,1,,02,20250129,4930201,SP,7099,12236770,CIDADE MORUMBI,12,81724228
59.179.488/0001-09,1,,02,20250129,8219999,RJ,6001,22451330,GAVEA,21,81185728
45.961.337/0001-01,1,FOCO CONSULTORIA E NEGOCIOS,02,20220408,6619302,MT,8985,78550392,JARDIM PRIMAVERA,66,92813590
59.179.506/0001-52,1,,02,20250129,1091102,MS,9051,79092280,JARDIM TIJUCA,67,81105549
59.179.518/0001-87,1,,02,20250129,4743100,PR,7535,81935394,GANCHINHO,41,96423234
59.179.529/0001-67,1,,02,20250129,5620104,SP,6251,12904170,VILA SANTA LIBANIA,11,40325120
59.179.540/0001-27,1,INDUMELEC,02,20250129,4742300,PE,2531,52061130,POCO,81,83035184
59.179.550/0001-62,1,,08,20250129,4930202,MG,4123,31660180,MANTIQUEIRA,31,89123919
59.179.563/0001-31,1,,02,20250129,5611203,SP,7183,12071510,JARDIM GURILANDIA,12,97119978
59.179.575/0001-66,1,,02,20250129,4399103,PR,7887,83907098,JARDIM SANTA CRUZ,92,35321850
59.179.587/0001-90,1,,02,20250129,4930201,SP,7107,03631030,GUAIAUNA,11,83948801
59.179.599/0001-15,1,,08,20250129,9511800,MG,4371,32340630,NOVO ELDORADO,31,98811304
59.179.611/0001-91,1,,08,20250129,8219999,SP,7107,03725110,ENGENHEIRO GOULART,11,26216333
59.179.624/0001-60,1,,02,20250129,4520007,GO,9585,75455000,JARDIM EXPANSAO BRAZILANIA,62,93793771
59.179.633/0001-51,1,,08,20250129,1352900,SC,8105,88060258,SAO JOAO DO RIO VERMELHO,51,94181290
59.179.642/0001-42,1,,02,20250129,8599603,SP,6477,07178432,VILA CARMELA II,11,49647705
59.179.654/0001-77,1,,02,20250129,4789099,SP,6477,07131320,JARDIM CELIA,11,58981474
59.179.666/0001-00,1,,08,20250129,5320201,GO,9753,75264119,RESIDENCIAL PRADO,62,94201208
59.179.678/0001-26,1,,08,20250129,1412603,SP,7107,03164100,MOOCA,11,69941639
59.179.685/0001-28,1,,02,20250129,7319002,RJ,6001,21321160,PRACA SECA,21,69664663
59.179.696/0001-08,1,,02,20250129,5819100,MA,0921,65071320,CALHAU,98,88804000
55.834.874/0001-36,1,REFRIGERAR,02,20240708,4120400,PA,0427,66065213,CONDOR,91,82080885
59.179.720/0001-09,1,,02,20250129,8599699,RJ,6001,20750340,TOMAS COELHO,21,31051716
59.179.731/0001-99,1,,08,20250129,5612100,GO,1058,72867551,RESIDENCIAL CIDADE NOVA,61,98083562
59.179.741/0001-24,1,,08,20250129,9609208,SP,7077,09560560,SANTA MARIA,11,58103761
59.179.753/0001-59,1,,02,20250129,3314720,RS,8957,96880000,CIPRIANO DE OLIVEIRA,51,98072914
51.774.910/0001-62,1,,02,20230811,4772500,PR,7607,84500016,CENTRO,42,99763915
59.179.775/0001-19,1,,08,20250129,9511800,MG,4267,35300324,ESPLANADA,33,99442685
59.179.785/0001-54,1,,02,20250129,4929902,SP,6789,06172365,JARDIM ROBERTO,11,94772512
59.179.797/0001-89,1,,08,20250129,1091102,PR,7525,86300478,SETOR 02,41,84871386
59.179.807/0001-86,1,,02,20250129,4530705,CE,1569,62327085,SEMINARIO,88,92795563
59.179.817/0001-11,1,,02,20250129,4724500,BA,3283,46875000,ZONA RURAL,75,98481531
59.179.827/0001-57,1,,08,20250129,7319002,SP,7107,04240000,SAO JOAO CLIMACO,11,51659029
59.179.837/0001-92,1,,02,20250129,9512600,SP,6543,11740294,JARDIM IVOTY,13,99105349
59.179.852/0001-30,1,,08,20250129,8230001,ES,5625,29141214,BOA SORTE,27,88483966
59.179.862/0001-76,1,,02,20250129,4520007,SP,2951,13187215,JARDIM NOVO CAMBUI,19,38455957
59.179.871/0001-67,1,,02,20250129,8712300,RJ,6001,21941565,ITACOLOMI,21,80931887
59.179.883/0001-91,1,,02,20250129,8630503,RS,8599,95034160,SAO PELEGRINO,54,99419050
59.179.894/0001-71,1,,08,20250129,5620104,RJ,5897,24740500,COELHO,21,73144948
59.179.905/0001-13,1,,02,20250129,5912099,BA,3515,44051674,SAO JOAO,75,81046425
59.179.917/0001-48,1,,08,20250129,5912099,PR,7471,86186100,RESIDENCIAL MONTE CASTELO,43,84854256
59.179.925/0001-94,1,,08,20250129,4753900,PI,1219,64004215,SAO JOAQUIM,86,0
59.179.936/0001-74,1,IF NEGOCIOS DIGITAIS LTDA,02,20250129,7319002,PR,7493,85805435,PIONEIROS CATARINENSES,45,74005000
58.979.768/0001-39,1,RENASCER CLINICA MULTIDISCIPLINAR,02,20250120,8630503,MG,4219,37730000,CENTRO,35,37216207
59.179.959/0001-89,1,,08,20250129,3313901,PA,0427,66670150,COQUEIRO,91,98184674
59.179.969/0001-14,1,,08,20250129,5320201,SP,7107,08391260,PARQUE DAS FLORES,11,27515730
59.179.982/0001-73,1,,02,20250129,4772500,PR,7481,83602490,JARDIM FLORESTAL,41,99857185
59.179.993/0001-53,1,,02,20250129,4923001,SP,7107,04896310,COLONIA (ZONA SUL),11,10189323
59.180.005/0001-96,1,,02,20250129,9602501,PA,0427,66811360,AGULHA (ICOARACI),91,84930640
59.180.015/0001-21,1,,08,20250129,5320201,SP,2951,13185351,JARDIM ADELAIDE,19,98192185
59.180.027/0001-56,1,,02,20250129,1359600,RJ,1116,26553360,JUSCELINO,21,98523071
59.180.039/0001-80,1,,08,20250129,4789004,RJ,5901,25520200,SAO MATEUS,21,65087453
59.180.052/0001-30,1,,02,20250129,8219999,RS,8963,94495370,JARI,51,85457509
59.180.062/0001-75,1,,08,20250129,7420001,SP,7107,04156050,VILA AGUA FUNDA,11,98151312
59.180.072/0001-00,1,,02,20250129,5612100,SC,8073,89466676,AGUA VERDE,47,99163269
59.180.085/0001-80,1,,02,20250129,4930202,MG,4123,30240520,SAO LUCAS,31,88605239
59.180.097/0001-04,1,,02,20250129,7319002,RS,8953,95201156,CARAZINHO,54,96580815
59.180.106/0001-67,1,,02,20250129,3311200,BA,1112,47864034,JARDIM IMPERIAL,77,98696462
59.180.118/0001-91,1,MCS INSTALACOES,08,20250129,4322301,SP,7107,04410150,AMERICANOPOLIS,11,70502417
59.180.127/0001-82,1,,08,20250129,3314711,MS,9029,79430000,CENTRO,67,96332700
59.180.139/0001-07,1,,08,20250129,5320201,SP,7107,08295345,VILA CARMOSINA,13,78055773
59.180.150/0001-77,1,,08,20250129,5320201,SC,8245,88385000,GRAVATA,47,91132047
59.180.162/0001-00,1,,08,20250129,4744099,PR,7769,83301570,JARDIM BOM JESUS DOS PASSOS,41,88741788
59.180.173/0001-81,1,,02,20250129,4930201,MT,9167,78148185,CANELAS,65,93633727
59.180.186/0001-50,1,,08,20250129,4789099,PR,7933,85440000,CENTRO,44,35431379
59.180.198/0001-85,1,,08,20250129,5612100,PR,7481,83608300,VILA DOM PEDRO,41,96921761
59.180.210/0001-51,1,,02,20250129,8599699,SP,6475,11440002,ENSEADA,13,99626390
59.180.219/0001-62,1,,08,20250129,4541206,MG,5403,38414436,MANSOUR,34,91762190
48.709.708/0001-42,1,SOUZA EXPRESS,08,20221123,4930202,MG,4445,35501570,JARDINOPOLIS,37,91560165
59.180.239/0001-33,1,,02,20250129,5320201,RS,8785,99010090,CENTRO,54,92232679
59.180.251/0001-48,1,,08,20250129,9511800,RS,8791,96065440,TRES VENDAS,53,91794427
59.180.261/0001-83,1,,02,20250129,4930201,RJ,5833,25233248,PILAR,21,97766350
59.180.274/0001-52,1,,02,20250129,8599699,SP,6249,18608420,JARDIM SHANGRI-LA,14,99736446
59.180.285/0001-32,1,,02,20250129,4789099,GO,9373,74611010,SETOR LESTE UNIVERSITARIO,62,98490323
59.180.295/0001-78,1,,08,20250129,4330404,SP,7209,11685036,RIO ESCURO,12,97561278
59.180.308/0001-09,1,,08,20250129,5620104,SP,6181,12947203,JARDIM DO LAGO,11,41786441
59.180.320/0001-13,1,,02,20250129,4520003,SC,0973,88850000,VILA FRANCA,48,91857550
08.275.054/0012-24,2,,02,20250129,0113000,SP,6523,13539899,AREA RURAL DE IPEUNA,19,97495712
59.180.339/0001-60,1,,02,20250129,3101200,MG,4283,35557000,CARMO DO CAJURU,37,98550605
59.180.352/0001-19,1,,02,20250129,5320201,GO,9373,74423090,CIDADE JARDIM,62,98253865
59.180.368/0001-21,1,,02,20250129,8219999,SP,6969,14020373,JARDIM SAO LUIZ,16,36238625
59.180.376/0001-78,1,,08,20250129,8230001,SP,7107,02462005,CHORA MENINO,27,97793415
59.180.386/0001-03,1,,08,20250129,4789004,PR,7691,87035270,JARDIM ALVORADA,13,96949065
59.180.395/0001-02,1,,02,20250129,4923002,MG,0578,38627000,PALMITAL DE MINAS,38,98718327
59.180.407/0001-90,1,,02,20250129,8599604,MA,0921,65049232,CONJUNTO CIAL,98,88310724
59.180.418/0001-70,1,,02,20250129,4321500,SC,0973,88850000,VILA FRANCA,48,91912730
59.180.429/0001-50,1,,02,20250129,9609208,SP,7107,08150300,JARDIM ROBRU,11,37672200
59.180.440/0001-10,1,,02,20250129,9700500,PE,2457,54325085,GUARARAPES,81,84588371
59.180.451/0001-09,1,,02,20250129,3321000,SC,8179,89225701,AVENTUREIRO,47,34371186
59.180.462/0001-80,1,,08,20250129,5819100,PE,2357,54515535,SANTO INACIO,81,96138924
59.180.475/0001-50,1,,02,20250129,5612100,MG,4771,36140000,AFONSO PENA,32,98432793
59.180.485/0001-95,1,,02,20250129,9511800,MT,9151,78730453,PARQUE RESIDENCIAL CIDADE ALTA,66,96258692
59.180.495/0001-20,1,,02,20250129,5320201,PA,0427,66033640,JURUNAS,91,98563214
59.180.507/0001-17,1,MANANCIAL RPR ENGENHARIA CIVIL,08,20250129,4399101,SP,7107,05684901,REAL PARQUE,11,84454738
59.180.520/0001-76,1,,02,20250129,4321500,RO,0005,76900759,JARDIM DOS MIGRANTES,69,92397047
59.180.531/0001-56,1,UNISIG CONSORCIOS,02,20250129,6622300,SP,6789,06140040,CONCEICAO,11,40761483
59.180.541/0001-91,1,,02,20250129,3299099,SE,3179,49770000,BOA HORA,79,81438155
59.180.553/0001-16,1,,08,20250129,7319002,SP,7047,06528305,VILA ANORAL,11,30426628
59.180.564/0001-04,1,,02,20250129,5612100,SP,7107,04004030,PARAISO,11,52020120
59.180.575/0001-86,1,,02,20250129,4520001,SP,6213,06434120,JARDIM SILVEIRA,11,42015186
59.180.583/0001-22,1,,02,20250129,4930202,SC,8081,89801112,PRESIDENTE MEDICI,49,88130182
59.180.594/0001-02,1,,02,20250129,4520001,SC,8185,88790000,FIGUEIRA,48,96094192
59.180.605/0001-54,1,,02,20250129,8219999,SP,6285,07793600,PARAISO (POLVILHO),11,79944054
59.180.617/0001-89,1,,02,20250129,4399103,SP,6737,13198536,JARDIM ALVORADA,19,82288719
59.180.628/0001-69,1,,02,20250129,4930201,ES,5625,29150120,ITACIBA,27,99021891
59.180.640/0001-73,1,,03,20250129,7911200,MA,0803,65901430,CENTRO,99,88109000
59.180.649/0001-84,1,,08,20250129,4330402,SC,8185,88790000,PORTINHO,48,99676616
59.180.660/0001-44,1,,02,20250129,8230001,GO,9373,74705170,JARDIM NOVO MUNDO,62,94129887
59.180.671/0001-24,1,,02,20250129,9602501,PA,0427,66083190,PEDREIRA,91,80634147
59.180.682/0001-04,1,,02,20250129,4789004,PB,1937,58113600,JARDIM AEROPORTO,83,98013729
59.180.693/0001-94,1,,08,20250129,7319002,SP,6291,13052150,JARDIM SANTA TEREZINHA,19,95192024
59.180.705/0001-80,1,,08,20250129,5320202,SP,6477,07050250,JARDIM EUSONIA,11,96955064
59.180.715/0001-16,1,,02,20250129,5320202,MG,5427,36576001,SANTO ANTONIO,31,0
59.180.723/0001-62,1,,02,20250129,8599604,SC,8233,88135824,GUARDA DO CUBATAO,53,99152286
59.180.732/0001-53,1,,02,20250129,4712100,AM,0271,69860000,CIDADE ALTA,97,84204883
59.180.743/0001-33,1,,02,20250129,5611203,SP,7151,08620050,IPELANDIA,11,47471000
59.180.757/0001-57,1,,02,20250129,4752100,DF,9701,71261025,SETOR LESTE (VILA ESTRUTURAL),61,99917790
59.180.769/0001-81,1,,02,20250129,8599604,SP,6687,15996040,JARDIM SAO JOSE,16,33825682
59.180.776/0001-83,1,,02,20250129,4774100,MG,4959,38705828,MORADA DA SERRA,66,96949561
88.618.129/0011-80,2,GERACAO 10,02,20250129,4713002,RS,7325,99615000,CENTRO,55,99031238
59.180.793/0001-10,1,,08,20250129,9700500,SP,6477,07124213,JARDIM LUCIARA,11,69973031
59.180.804/0001-62,1,,02,20250129,4923002,DF,9701,72231406,CEILANDIA SUL (CEILANDIA),61,91833736
59.180.813/0001-53,1,,08,20250129,6202300,PR,7749,87701020,CENTRO,44,98900009
59.180.823/0001-99,1,,02,20250129,4520005,SC,8089,88817373,VILA FRANCESA,48,99985080
59.180.833/0001-24,1,,02,20250129,5320202,SC,8027,88901034,CIDADE ALTA,48,98045260
59.180.845/0001-59,1,,02,20250129,9602501,AL,2729,57350000,CENTRO,82,99968911
47.839.615/0001-70,1,M&P ENGENHARIA,02,20220905,7112000,MG,5097,35370000,CENTRO,31,96216820
59.180.865/0001-20,1,,02,20250129,1622699,MG,5371,39800075,ALTINO BARBOSA,31,90604790
55.810.193/0001-38,1,SUPER LED MATERIAL ELETRICO,02,20240704,4742300,MG,4553,35054891,CASTANHEIRAS II,33,98091709
59.180.887/0001-90,1,,02,20250129,4724500,GO,9403,76630000,RECANTO DAS ROSAS II  ITABERAI GO,62,96627527
57.923.267/0001-78,1,CASA DE CARNES BOI DE MINAS,02,20241031,4722901,MG,4865,39404143,JARDIM PRIMAVERA,38,98673199
56.458.162/0001-22,1,EZEQUIEL ALVES - MOVEIS PLANEJADOS,02,20240812,3101200,MG,4877,36888016,BOA VISTA,32,99889044
59.180.916/0001-13,1,,02,20250129,4930201,SC,8161,88317519,SANTA REGINA,47,88869954
59.180.930/0001-17,1,,02,20250129,8592999,SP,6887,13632048,VILA BRAZ,19,99389187
59.180.941/0001-05,1,EXPRESS PAY,03,20250129,6619302,RN,1761,59056180,LAGOA NOVA,55,85234923
59.180.952/0001-87,1,,02,20250129,4322302,RS,8541,95700828,VERONA,00,00000000
59.180.960/0001-23,1,,02,20250129,4789002,SP,6563,08580400,JARDIM MARAGOGIPE,11,81035712
59.180.971/0001-03,1,,02,20250129,5320201,SP,7107,05267000,JARDIM ANHANGUERA,11,65367259
59.180.981/0001-49,1,MARILI CORTINAS E DECOR,02,20250129,4759801,PR,7535,82920170,CAJURU,41,32432577
59.180.993/0001-73,1,,08,20250129,5819100,BA,3363,47811048,BELA VISTA,77,98568489
59.181.002/0001-77,1,,08,20250129,7729202,SC,8083,89700519,COLINAS,49,88326613
59.181.013/0001-57,1,,02,20250128,6911701,SP,6563,08597630,QUINTA DA BOA VISTA (INDUSTRIAL),11,94724478
59.181.025/0001-81,1,,08,20250129,4753900,GO,9373,74491220,RESIDENCIAL JARDINS DO CERRADO 1,62,92145405
59.181.033/0001-28,1,,02,20250129,8640207,RS,8801,91760310,JARDIM ISABEL,51,99148986
57.256.510/0001-41,1,DU ELSON HAMBURGUER E BEER,02,20240912,5611204,MG,5091,33925350,PEDRA BRANCA (JUSTINOPOLIS),31,98578595
59.181.053/0001-07,1,,02,20250129,5320202,SC,8105,88058336,INGLESES DO RIO VERMELHO,48,88441116
48.809.135/0001-29,1,GASPARETTO PEDRAS,04,20221205,2391503,RS,8687,99200000,FERROVIARIO,54,96896654
59.181.075/0001-69,1,,02,20250129,4783101,SP,7107,08372209,JARDIM DAS ROSAS (IGUATEMI),11,59722565
59.181.084/0001-50,1,,02,20250129,5320201,RJ,2913,26470230,JARDIM DELAMARE,21,83931897
59.181.093/0001-40,1,,02,20250129,8211300,SC,8047,89066001,ITOUPAVAZINHA,47,91423311
59.181.103/0001-48,1,,02,20250129,1091102,SP,6921,11700140,CANTO DO FORTE,13,81961552
59.181.114/0001-28,1,,02,20250129,4789004,SP,6401,06826000,JARDIM MARINA,11,62755104
59.181.127/0001-05,1,,02,20250129,9602501,SP,7107,03642030,PENHA DE FRANCA,11,0
59.181.137/0001-32,1,,08,20250129,6190699,MG,4123,31010360,SANTA TEREZA,31,99120536
59.181.148/0001-12,1,,02,20250129,4723700,BA,3849,41510237,SAO CRISTOVAO,71,91709930
59.181.160/0001-27,1,,02,20250129,4930201,SP,7075,09840530,DOS CASA,11,67224639
51.498.162/0001-32,1,,02,20230720,4930202,PR,7493,85804090,14 DE NOVEMBRO,45,88023837
59.181.177/0001-84,1,,08,20250129,5320201,AM,0255,69059559,SANTA ETELVINA,92,94708142
59.181.189/0001-09,1,,02,20250129,4923002,PR,7971,85892406,UNIAO,45,91218424
52.308.472/0001-00,1,,02,20230925,4744099,MG,4661,37464000,CENTRO,35,33611264
59.181.208/0001-05,1,,08,20250129,5229099,MS,9073,79824100,JARDIM AMERICA,67,92287476
59.181.218/0001-32,1,,02,20250129,9511800,SP,7107,04140010,CHACARA INGLESA,11,32143309
59.181.229/0001-12,1,,08,20250129,4930201,PR,9983,83823275,NACOES,41,95125189
59.181.239/0001-58,1,JOSI CORTINAS,02,20250129,4759801,SC,8179,89230100,JARIVATUBA,47,91070026
59.181.249/0001-93,1,,02,20250129,4923002,RJ,5869,26070578,MIGUEL COUTO,21,84033232
59.181.260/0001-53,1,,02,20250129,5611201,BA,3413,42800181,PONTO CERTO,71,99957732
59.181.268/0001-10,1,,02,20250129,4781400,RS,8599,95070160,BELA VISTA,54,81448255
59.181.278/0001-55,1,,02,20250129,5620104,MG,5403,38401845,MARIA REZENDE,34,91067983
59.181.287/0001-46,1,,02,20250129,9609208,SP,6619,13202281,VILA ISABEL EBER,13,96341485
59.181.299/0001-70,1,,02,20250129,9602501,SP,7145,18071060,IPANEMA VILLE,15,91519718
59.181.309/0001-78,1,,02,20250129,4781400,RR,0301,69317339,EQUATORIAL,95,84103102
59.181.319/0001-03,1,,08,20250129,4781400,PR,7777,84031295,UVARANAS,42,99552456
59.181.327/0001-50,1,,02,20250129,4399103,SC,8163,88220000,MORRETES,47,99447138
59.181.337/0001-95,1,,02,20250129,4530703,PE,2511,55825000,LOT PRIMAVERA,81,92798442
59.181.349/0001-10,1,,02,20250129,9602501,PE,2531,52030100,ENCRUZILHADA,81,97377934
59.181.357/0001-66,1,,02,20250129,8599699,SP,7107,04302021,PARQUE IMPERIAL,11,64646688
59.181.369/0001-90,1,,02,20250129,4781400,SP,7075,09760100,VILA TUPI,11,43603337
59.181.378/0001-81,1,,02,20250129,4930202,RJ,6001,23093430,CAMPO GRANDE,21,64755530
59.181.389/0001-61,1,,02,20250129,4721102,SP,7107,04286070,VILA MOINHO VELHO,19,92778098
59.181.399/0001-05,1,,08,20250130,4757100,SC,8105,88090490,MONTE CRISTO,48,96608771
54.691.111/0001-10,1,NARVIK SUBLIMACAO,02,20240411,4781400,MG,5133,34590390,NACOES UNIDAS,31,87055198
59.181.418/0001-95,1,,02,20250130,5912099,MG,5313,36540000,CENTRO,32,35361184
55.832.289/0001-05,1,,08,20240707,1422300,SC,8055,88353708,AGUAS CLARAS,47,92632303
59.181.431/0001-44,1,,02,20250130,0724301,AP,0605,68903419,UNIVERSIDADE,31,33931877
59.181.439/0001-00,1,CANTARELLI SERVICOS MEDICOS,02,20250130,8610101,RS,8801,90460050,PETROPOLIS,51,99740584
59.181.450/0001-70,1,,08,20250130,4763602,AM,0251,69830000,FATIMA,97,84381402
59.181.460/0001-06,1,,02,20250130,4923002,PE,2491,53060600,JARDIM ATLANTICO,81,92420444
59.181.471/0001-96,1,,08,20250130,5620104,RN,1761,59014520,TIROL,84,96611993
59.181.481/0001-21,1,,02,20250130,4729699,SC,8105,88056490,CACHOEIRA DO BOM JESUS,48,99151203
59.181.492/0001-01,1,,02,20250130,4755502,PE,2531,51230000,IBURA,81,99271697
59.181.501/0001-64,1,,02,20250130,8219999,RS,8801,90840380,SANTA TEREZA,51,96054312
59.181.515/0001-88,1,,02,20250130,4722901,CE,1389,60337190,CRISTO REDENTOR,85,86303433
59.181.527/0001-02,1,,02,20250130,8599699,MG,4647,37501562,SANTA ROSA,35,84185645
59.181.538/0001-92,1,,02,20250130,1359600,SP,7107,08111580,JARDIM MELIUNAS,11,89582422
59.181.548/0001-28,1,,02,20250130,9602501,RJ,5897,24743345,JOQUEI CLUBE,0,0
59.181.558/0001-63,1,,08,20250130,7319002,BA,3849,40140650,BARRA,71,96301124
59.181.569/0001-43,1,,08,20250130,5320202,RS,8801,91180536,COSTA E SILVA,51,86444218
59.181.580/0001-03,1,,08,20250130,4781400,SP,6689,09350120,VILA INDEPENDENCIA,11,83333941
59.181.592/0001-38,1,,02,20250130,0159802,SP,6625,06950000,SENHORINHAS,11,41996485
59.181.605/0001-79,1,,08,20250130,5611203,PI,1219,64049300,JOQUEI,86,99870647
59.181.616/0001-59,1,,02,20250130,4729699,PR,7563,85852070,MARACANA,45,99804341
59.181.625/0001-40,1,,08,20250130,8599699,SP,7107,08230023,VILA TAQUARI,11,20530547
59.181.635/0001-85,1,,02,20250130,7319002,PE,2423,55900000,CENTRO,81,82730197
59.181.647/0001-00,1,,02,20250130,4721103,RJ,5847,27965055,SAO JOSE DO BARRETO,22,92426596
47.618.203/0001-00,1,,02,20220818,4399103,RJ,6001,21865330,BANGU,21,79605897
59.181.667/0001-80,1,,02,20250130,4729601,PA,0567,68554715,MARECHAL RONDON,94,91045196
59.181.680/0001-30,1,,02,20250130,8592999,SP,6789,06213070,PRESIDENTE ALTINO,11,36852754
59.181.690/0001-75,1,,02,20250130,5320202,AC,0139,69911536,JOAO EDUARDO II,68,92355935
59.181.702/0001-61,1,,02,20250130,5611204,AM,0255,69095506,CIDADE NOVA,92,94704604
59.181.712/0001-05,1,,02,20250130,5320202,AC,0139,69911458,JOAO EDUARDO I,68,84043288
59.181.717/0001-20,1,,08,20250130,4781400,RO,0003,76808020,COHAB,69,81051751
59.181.723/0001-87,1,SU COMPANY,02,20250130,6311900,BA,3611,45630000,CENTRO,73,81811034
59.181.734/0001-67,1,,08,20250130,5620104,RJ,6001,21853560,BANGU,21,70435196
59.181.741/0001-69,1,BELA VISTA PLANETH COMPENSADOS E LAMINADOS COMERCIO,02,20250130,1621800,PA,0583,68633000,SANTAREM,94,84486072
59.181.752/0001-49,1,,02,20250130,7319002,SP,7107,01310200,BELA VISTA,11,20917650
59.181.763/0001-29,1,PRISCILA BEZERRA,02,20250130,8630503,PA,0427,66033590,JURUNAS,91,93490568
59.181.774/0001-09,1,,02,20250130,8599604,BA,3515,44094006,35O BI,73,99064251
59.181.785/0001-99,1,,02,20250130,5320201,SP,6291,13058490,JARDIM NOVA ESPERANCA,19,81420657
59.181.795/0001-24,1,,08,20250130,5320202,PR,7859,86430000,VILA SETTI,43,88673224
59.181.806/0001-76,1,,02,20250130,4923002,SP,6921,11722005,VILA SONIA,13,35966914
59.181.815/0001-67,1,,02,20250130,3314719,BA,3849,40045180,SAUDE,71,92465700
59.181.824/0001-58,1,,08,20250130,2542000,ES,5703,29117210,ALVORADA,27,95822141
59.181.836/0001-82,1,JS GESTAO TECNOLOGICA E CONSULTORIA,02,20250130,9511800,MG,4133,32685004,AMAZONAS,31,35349074
59.181.845/0001-73,1,LOBO HOLDING,02,20250130,6822600,PA,0483,68504034,NOVA MARABA,94,81544559
59.181.856/0001-53,1,,08,20250130,7490104,MG,4123,30130138,SAVASSI,21,30057623
59.181.865/0001-44,1,,02,20250130,4751201,SC,8105,88075330,BALNEARIO,48,98558650
59.181.877/0001-79,1,MAGAL CENTRO AUTOMOTIVO,02,20250130,4520001,MG,4371,32041590,ALVORADA,31,92819701
59.181.886/0001-60,1,,08,20250130,8599699,MG,4123,30380220,CIDADE JARDIM,31,99217005
59.181.895/0001-50,1,ELLO EMPREENDIMENTOS,02,20250130,4110700,RS,8729,95900174,CENTRO,51,37481633
59.181.906/0001-00,1,,08,20250130,5229099,AL,2785,57063880,SANTA AMELIA,82,93544647
58.781.400/0001-61,1,,08,20250111,4789001,AL,2785,57072760,CIDADE UNIVERSITARIA,82,32812573
59.181.928/0001-62,1,,02,20250130,1622699,RJ,6001,22795565,RECREIO DOS BANDEIRANTES,21,31513147
59.181.940/0001-77,1,WBR COMERCIO,02,20250130,4781400,SP,7107,03019000,BRAS,11,87607007
59.181.950/0001-02,1,,02,20250130,4520002,MG,4445,35501175,TIETE,31,99738893
59.181.961/0001-92,1,CENTRO OFTALMOLOGICO DO NUCLEO BANDEIRANTE,08,20250130,8630503,DF,9701,71715520,NUCLEO BANDEIRANTE,61,81467089
59.181.973/0001-17,1,,08,20250130,4712100,PE,2567,55565000,ZONA RURAL,81,93074186
59.181.985/0001-41,1,,02,20250130,4771701,MS,9051,79042660,JARDIM JERUSALEM,67,32135050
53.251.396/0007-00,2,,02,20250130,4635402,CE,1389,60874380,PAUPINA,11,87974445
